Book Id,Title,Author,Author l-f,Additional Authors,ISBN,ISBN13,My Rating,Publisher,Binding,Number of Pages,Year Published,Original Publication Year,Date Read,Date Added,Bookshelves,Bookshelves with positions,Exclusive Shelf,My Review,Spoiler,Private Notes,Read Count,Owned Copies
31300278,As Espiãs do Dia D,Ken Follett,"Follett, Ken",,"=""8580414105""","=""9788580414103""",0,Editora Arqueiro,Kindle Edition,583,2015,2001,,2026/08/16,currently-reading,currently-reading (#1),currently-reading,,,,1,0
32620332,The Seven Husbands of Evelyn Hugo,Taylor Jenkins Reid,"Reid, Taylor Jenkins",,"=""1501139231""","=""9781501139239""",5.0,Atria Books,Hardcover,389,2017,2017,2026/08/16,2026/08/08,,,read,,,,1,0
230824619,Death Row,Freida McFadden,"McFadden, Freida",,"=""1662532261""","=""9781662532269""",3.0,Amazon Original Stories,Kindle Edition,74,2025,2025,2026/08/08,2026/08/08,,,read,,,,1,0
195967140,The Teacher,Freida McFadden,"McFadden, Freida",,"=""1728296218""","=""9781728296210""",4.0,Poisoned Pen Press,Paperback,379,2024,2024,2026/08/08,2026/08/02,,,read,,,,1,0
35249663,Inspired: How to Create Tech Products Customers Love,Marty Cagan,"Cagan, Marty",,"=""1119387507""","=""9781119387503""",4.0,Wiley,Hardcover,349,2017,2008,2026/08/02,2026/07/12,,,read,,,,1,0
10843928,"A Fúria dos Reis (As Crônicas de Gelo e Fogo, #2)",George R.R. Martin,"Martin, George R.R.",Jorge Candeias,"=""8580440270""","=""9788580440270""",5.0,Leya,Paperback,656,2011,1998,,2026/03/20,,,read,,,,2,0
21806284,Misery,Stephen  King,"King, Stephen",Elton Mesquita,"=""""","=""""",4.0,Suma de Letras ,Paperback,326,2014,1987,2021/05/20,2021/05/15,,,read,,,,1,0
203255309,A FELICIDADE NEGADA,Domenico de Masi,"Masi, Domenico de",,"=""972442605X""","=""9789724426051""",4.0,EDIÇOES 70,Paperback,0,2022,2022,2026/05/04,2026/04/27,,,read,,,,1,0
54735586,O Homem Invisível,H.G. Wells,"Wells, H.G.",,"=""6550970032""","=""9786550970031""",3.0,Principis,Paperback,176,2019,1897,2026/04/26,2026/03/23,,,read,,,,1,0
25407237,Revival,Stephen  King,"King, Stephen",,"=""1501121170""","=""9781501121173""",3.0,Simon & Schuster Inc.,Mass Market Paperback,463,2015,2014,2017/09/27,2017/08/18,,,read,,,,1,0
51300362,Factfulness: O hábito libertador de só ter opiniões baseadas em fatos,Hans Rosling,"Rosling, Hans",,"=""8501116521""","=""9788501116529""",5.0,Record,Paperback,360,2019,2018,2026/03/23,2026/03/20,,,read,,,,1,0
31207410,Noite sobre as águas (Portuguese Edition),Ken Follett,"Follett, Ken",,"=""8580415640""","=""9788580415643""",4.0,Editora Arqueiro,Kindle Edition,568,2016,1991,2026/03/20,2026/03/08,,,read,,,,1,0
244074261,A arte de pensar claramente: Os erros de raciocínio que mais cometemos – e como evitá-los para tomar boas decisões (Portuguese Edition),Rolf Dobelli,"Dobelli, Rolf",Alves Calado,"=""8543111617""","=""9788543111612""",4.0,Editora Sextante,Kindle Edition,397,2026,2011,2026/03/05,2026/02/28,,,read,,,,1,0
55363736,Se Não Fosse Você,Colleen Hoover,"Hoover, Colleen",Carolina Simmer,"=""8501303860""","=""9788501303868""",4.0,Galera,Paperback,400,2020,2019,2026/03/08,2026/03/07,,,read,,,,1,0
27172915,Dark Places,Gillian Flynn,"Flynn, Gillian",,"=""0297855875""","=""9780297855873""",4.0,Orion,ebook,368,2009,2009,2026/02/28,2026/02/17,,,read,,,,1,0
45730370,"A guerra dos tronos (As crônicas de gelo e fogo, #1)",George R.R. Martin,"Martin, George R.R.",Jorge Candeias,"=""8554513568""","=""9788554513566""",5.0,Suma,Kindle Edition,1137,2019,1996,2026/02/17,2026/01/10,,,read,,,,1,0
29227773,"Eu, Robô",Isaac Asimov,"Asimov, Isaac",Aline Storto Pereira,"=""8576572036""","=""9788576572039""",3.0,Editora Aleph,Kindle Edition,277,2015,1950,2026/01/10,2026/01/05,,,read,,,,1,0
230396579,"O segredo final (Robert Langdon, #6)",Dan    Brown,"Brown, Dan",Fernanda Abreu,"=""6555658401""","=""9786555658408""",4.0,Editora Arqueiro,Kindle Edition,876,2025,2025,2026/01/05,2025/12/29,,,read,,,,1,0
215174135,O resgate: A sequência de A firma (Portuguese Edition),John Grisham,"Grisham, John","Bruno Fiúza, Roberta Clapp","=""6555656646""","=""9786555656640""",3.0,Editora Arqueiro,Kindle Edition,401,2024,2023,2025/12/29,2025/12/27,,,read,,,,1,0
41962180,Fogo & Sangue (A Targaryen History #1),George R.R. Martin,"Martin, George R.R.","Doug Wheatley, Regiane Winarski, Leonardo Alves","=""8556510760""","=""9788556510761""",4.0,Suma,Paperback,598,2018,2018,2025/12/27,2025/12/12,,,read,,,,1,0
60858867,Nunca: O caminho para a guerra começa com um passo em falso,Ken Follett,"Follett, Ken","Roberta Clapp, Bruno Fiúza","=""6555652578""","=""9786555652574""",3.0,Editora Arqueiro,Paperback,624,2022,2021,2025/12/12,2025/11/20,,,read,,,,1,0
54237794,A ilha do Dr. Moreau,H.G. Wells,"Wells, H.G.",,"=""6555520035""","=""9786555520033""",2.0,Principis ,Paperback,144,2019,1896,2025/11/20,2025/11/10,,,read,,,,1,0
54735560,A Máquina do Tempo,H.G. Wells,"Wells, H.G.",,"=""6555520027""","=""9786555520026""",4.0,Principis,Paperback,112,2021,1895,2025/11/10,2025/11/02,,,read,,,,1,0
33787286,Blink: A decisão num piscar de olhos,Malcolm Gladwell,"Gladwell, Malcolm",,"=""8543103592""","=""9788543103594""",3.0,Sextante,Paperback,239,2016,2005,2025/11/02,2025/10/27,,,read,,,,1,0
58830046,De Quanta Terra Precisa um Homem? E Outras Histórias,Leo Tolstoy,"Tolstoy, Leo",Liev Tolstói,"=""6555522372""","=""9786555522372""",5.0,Principis,Paperback,96,2021,,2025/10/27,2025/10/26,,,read,,,,1,0
58311128,Gente Pobre,Fyodor Dostoevsky,"Dostoevsky, Fyodor",Irineu Franco Perpétuo,"=""6555522283""","=""9786555522280""",2.0,Principis,Paperback,160,2021,1846,2025/10/26,2025/10/20,,,read,,,,1,0
156740519,The Boys from Biloxi,John Grisham,"Grisham, John",,"=""0593470915""","=""9780593470916""",3.0,Vintage,Mass Market Paperback,576,2023,2022,2025/10/20,2025/09/20,,,read,,,,1,0
241643539,O Garoto do Colorado,Stephen  King,"King, Stephen",Regiane Winarski,"=""8556512666""","=""9788556512666""",3.0,Suma,Paperback,144,2025,2005,2025/09/20,2025/09/16,,,read,,,,1,0
36569405,"Livro das Mil e Uma Noites, Volume 02",Anonymous,"Anonymous, Anonymous",Mamede Mustafa Jarouche,"=""8525065056""","=""9788525065056""",3.0,Biblioteca Azul,Paperback,400,2017,800,2025/09/16,2025/08/27,,,read,,,,1,0
6082315,Fora de série,Malcolm Gladwell,"Gladwell, Malcolm",,"=""8575424483""","=""9788575424483""",4.0,Sextante,Paperback,288,2008,2008,2025/08/27,2025/08/21,,,read,,,,1,0
6262794,Um Defeito de Cor,Ana Maria Gonçalves,"Gonçalves, Ana Maria",,"=""8501071757""","=""9788501071750""",5.0,Record,Paperback,952,2006,2006,2025/08/21,2025/07/12,,,read,,,,1,0
16079664,Fahrenheit 451,Ray Bradbury,"Bradbury, Ray",,"=""8525052248""","=""9788525052247""",2.0,Globo,Paperback,215,2012,1963,2025/07/12,2025/07/09,,,read,,,,1,0
63385683,Conto de fadas,Stephen  King,"King, Stephen",Regiane Winarski,"=""8556511570""","=""9788556511577""",3.0,Suma,Paperback,624,2022,2022,2025/07/09,2025/06/25,,,read,,,,1,0
33108033,O Homem de São Petersburgo,Ken Follett,"Follett, Ken",,"=""8580416353""","=""9788580416350""",3.0,Arqueiro,Paperback,326,2016,1982,2025/06/25,2025/06/21,,,read,,,,1,0
36569360,"Livro das Mil e Uma Noites, Volume 01",Anonymous,"Anonymous, Anonymous",Mamede Mustafa Jarouche,"=""8525065048""","=""9788525065049""",4.0,Biblioteca Azul,Paperback,464,2017,800,2025/06/21,2025/06/14,,,read,,,,1,0
60916709,How the World Really Works: The Science Behind How We Got Here and Where We're Going,Vaclav Smil,"Smil, Vaclav",,"=""0593297075""","=""9780593297070""",3.0,Viking,ebook,357,2022,2022,2025/06/14,2025/05/17,,,read,,,,1,0
219383114,Sussurros do passado,Charlie Donlea,"Donlea, Charlie",Carlos Szlak,"=""6559576590""","=""9786559576593""",3.0,Faro Editorial,Paperback,320,2024,2024,2025/05/17,2025/05/10,,,read,,,,1,0
18755097,Xamã,Noah Gordon,"Gordon, Noah",,"=""853250406X""","=""9788532504067""",4.0,Rocco,Paperback,488,2002,1992,2025/05/10,2025/04/26,,,read,,,,1,0
230162342,A Primeira Segunda-Feira: Após sua carreira executiva (Portuguese Edition),Flavia Perez,"Perez, Flavia",Maristela Gorayb,"=""8594553544""","=""9788594553546""",2.0,Literare Books,Kindle Edition,219,2025,,2025/04/26,2025/04/25,,,read,,,,1,0
93793616,Gerenciamento De Ativos E Passivos,Dermine/Bissada,"Dermine/Bissada, Dermine/Bissada",,"=""8522474311""","=""9788522474318""",3.0,Atlas,Paperback,0,,,2025/04/25,2025/04/21,,,read,,,,1,0
42102934,O Terceiro Gémeo,Ken Follett,"Follett, Ken",Isabel Nunes,"=""9722362569""","=""9789722362566""",4.0,Editorial Presença,Paperback,432,2018,1996,2025/04/21,2025/04/18,,,read,,,,1,0
60802073,Uma questão de química,Bonnie Garmus,"Garmus, Bonnie",Maria Carmelita,"=""""","=""""",5.0,Arqueiro,Paperback,384,2022,2022,2025/04/18,2025/04/12,,,read,,,,1,0
83520731,Antes de Partir,Charlie Donlea,"Donlea, Charlie",Carlos Szlak,"=""6559572641""","=""9786559572649""",3.0,Faro Editorial,Paperback,224,2023,2022,2025/04/12,2025/04/08,,,read,,,,1,0
43711202,Comece pelo porquê: Como grandes líderes inspiram pessoas e equipes a agir,Simon Sinek,"Sinek, Simon",,"=""854310663X""","=""9788543106632""",3.0,Editora Sextante,Paperback,256,2018,2009,2025/04/08,2025/04/01,,,read,,,,1,0
227552,10 Days to Faster Reading,The Princeton Language Institute,"Institute, The Princeton Language","Abby Marks Beale, Эбби Маркс-Бил","=""0446676675""","=""9780446676670""",1.0,Grand Central Publishing,Paperback,206,2001,2001,2025/04/01,2025/03/27,,,read,,,,1,0
219292342,Nexus,Yuval Noah Harari,"Harari, Yuval Noah","Berilo Vargas, Denise Bottmann","=""8535937811""","=""9788535937817""",3.0,Companhia das Letras,Paperback,504,2024,2024,2025/03/27,2025/03/04,,,read,,,,1,0
43454887,O Fisico (Em Portugues do Brasil),Noah Gordon,"Gordon, Noah",,"=""8532531261""","=""9788532531261""",5.0,Rocco,Hardcover,592,2018,1986,2025/03/03,2025/02/14,,,read,,,,1,0
23393236,Um Lugar Chamado Liberdade,Ken Follett,"Follett, Ken",Fabiano Morais,"=""8580413303""","=""9788580413304""",3.0,Arqueiro,Paperback,400,2014,1995,2025/02/14,2025/02/08,,,read,,,,1,0
16211398,O Ponto da Virada: Como Pequenas Coisas Podem Fazer uma Grande Diferença,Malcolm Gladwell,"Gladwell, Malcolm","Talita Macedo Rodrigues, Teresa Carneiro","=""8575424831""","=""9788575424834""",3.0,Sextante,Paperback,288,2009,2000,2025/02/08,2025/01/12,,,read,,,,1,0
196433036,É a Ales,Jon Fosse,"Fosse, Jon",Guilherme da Silva Braga,"=""8535935428""","=""9788535935424""",2.0,Companhia das Letras,Paperback,112,2023,2004,2025/01/12,2025/01/11,,,read,,,,1,0
215788994,Olhos vazios (Portuguese Edition),Charlie Donlea,"Donlea, Charlie",Carlos Szlak,"=""6559576396""","=""9786559576395""",3.0,Faro Editorial,Kindle Edition,438,2024,2023,2025/01/11,2025/01/07,,,read,,,,1,0
63286774,"Diga às abelhas que não estou mais aqui (Outlander, #9)",Diana Gabaldon,"Gabaldon, Diana",Fernanda Abreu,"=""6555653779""","=""9786555653779""",3.0,Arqueiro,Paperback,1056,2022,2021,2025/01/07,2024/11/17,,,read,,,,1,0
1436908,Memorial de Aires (Classicos Da Literatura Brasileira),Machado de Assis,"Assis, Machado de",,"=""0850515181""","=""9780850515183""",4.0,Luso-Brazilian Books,Paperback,124,2006,1908,2024/11/17,2024/11/15,,,read,,,,1,0
6383500,Esaú e Jacó,Machado de Assis,"Assis, Machado de",,"=""8508131917""","=""9788508131914""",3.0,Editora Ática,Paperback,240,2011,1904,2024/11/15,2024/11/06,,,read,,,,1,0
30237209,Uma vida pequena,Hanya Yanagihara,"Yanagihara, Hanya",Roberto Muggiati,"=""8501071544""","=""9788501071545""",4.0,Record,Paperback,784,2016,2015,2024/11/06,2024/10/29,,,read,,,,1,0
55736702,"Escrito com o sangue do meu coração (Outlander, #8)",Diana Gabaldon,"Gabaldon, Diana",,"=""6555650516""","=""9786555650518""",4.0,Arqueiro,Paperback,896,2020,2014,2024/10/28,2024/10/14,,,read,,,,1,0
58556494,O ano do pensamento mágico,Joan Didion,"Didion, Joan",Marina Vargas,"=""6555111208""","=""9786555111200""",4.0,HarperCollins,Paperback,240,2021,2005,2024/10/14,2024/10/05,,,read,,,,1,0
52336328,Ecos do futuro (Outlander #7),Diana Gabaldon,"Gabaldon, Diana",,"=""8580419646""","=""9788580419641""",3.0,Editora Arqueiro,Paperback,912,2019,2009,2024/10/04,2024/09/04,,,read,,,,1,0
42944723,A História do Universo para quem tem pressa: Do Big Bang às mais recentes descobertas da astronomia!,Colin Stuart,"Stuart, Colin",,"=""8558890773""","=""9788558890779""",4.0,Editora Valentina,Kindle Edition,240,2018,2018,2024/06/20,2024/06/15,,,read,,,,1,0
34520458,Sleeping Beauties,Stephen  King,"King, Stephen",Owen King,"=""1473665213""","=""9781473665217""",2.0,Hodder & Stoughton,Kindle Edition,736,2017,2017,2021/04/05,2021/03/20,,,read,"Difícil não gostar de um livro do stephen king, mas confesso que pra mim esse deixou a desejar. Extremamente longo (sem necessidade), muito personagens (é fácil se perder) e uma sensação de que a estória poderia render mais.<br/><br/>Algumas passagens muito infantis (os ratos fazendo uma pirâmide para abrir a cela).<br/><br/>Outra coisa, se a Evie conseguiu matar o juiz à distância,  por que não fez o mesmo com os outros que a ameaçavam?<br/><br/>Depois de um guerra, o psiquiatra consegue  convencer os invasores a não matar evie? Por que não conversaram antes?<br/><br/>Achei fraco",true,,1,0
30071617,Best. State. Ever.: A Florida Man Defends His Homeland,Dave Barry,"Barry, Dave",,"=""1101982624""","=""9781101982624""",3.0,G.P. Putnam's Sons,Kindle Edition,240,2016,2016,2017/12/17,2017/11/26,,,read,"Esperava mais, mas não chega a ser ruim. Interessante conhecer esses parque antigos e mais toscos na Florida. <br/><br/>Leitura simples e rápida.",,,1,0
208026080,MENSAGEIRO DAS ESTRELAS,Tyson Neil deGrasse,"deGrasse, Tyson Neil",,"=""6555876697""","=""9786555876697""",5.0,RECORD,Paperback,0,2023,2022,2024/05/26,2024/05/18,,,read,,,,1,0
53629484,Investimentos inteligentes - Edição revista e atualizada: Estratégias para multiplicar seu patrimônio com segurança e eficiência (Portuguese Edition),Gustavo Cerbasi,"Cerbasi, Gustavo",,"=""857542999X""","=""9788575429990""",3.0,Editora Sextante,Kindle Edition,350,2013,2008,2020/08/08,2020/07/31,,,read,,,,1,0
32183222,A Filha Perdida,Elena Ferrante,"Ferrante, Elena",Marcello Lino,"=""8551000322""","=""9788551000328""",3.0,Intrínseca,Paperback,176,2016,2006,2024/09/03,2024/09/01,,,read,,,,1,0
210682218,"História da menina perdida (Tetralogia Napolitana, #4)",Elena Ferrante,"Ferrante, Elena",,"=""6558301962""","=""9786558301967""",5.0,Biblioteca Azul,Paperback,488,2023,2014,2024/09/01,2024/08/25,,,read,,,,1,0
18750797,A Volta ao Mundo em Oitenta Dias,Jules Verne,"Verne, Jules",Therezinha Monteiro Deutsch,"=""8513011150""","=""""",5.0,Nova Cultura,Hardcover,318,2003,1872,2022/01/23,2022/01/20,,,read,,,,1,0
210681707,"História de quem foge e de quem fica (Tetralogia Napolitana, #3)",Elena Ferrante,"Ferrante, Elena",,"=""655830192X""","=""9786558301929""",5.0,Biblioteca Azul,Paperback,424,2023,2013,2024/08/25,2024/08/19,,,read,,,,1,0
210393869,"História do novo sobrenome (Tetralogia Napolitana, #2)",Elena Ferrante,"Ferrante, Elena",,"=""6558301938""","=""9786558301936""",5.0,Biblioteca Azul,Paperback,480,2023,2012,2024/08/19,2024/08/11,,,read,,,,1,0
204594030,"A amiga genial (Tetralogia Napolitana, #1)",Elena Ferrante,"Ferrante, Elena",,"=""6558301911""","=""9786558301912""",4.0,Biblioteca Azul,Paperback,340,2023,2011,2024/08/11,2024/08/05,,,read,,,,1,0
49182468,Recursão,Blake Crouch,"Crouch, Blake",Sheila Louzada,"=""8551005367""","=""9788551005361""",4.0,Intrínseca,Hardcover,320,2020,2019,2024/08/05,2024/08/03,,,read,,,,1,0
201112405,Onde os velhos não têm vez,Cormac McCarthy,"McCarthy, Cormac",Adriana Lisboa,"=""8556522068""","=""9788556522061""",3.0,Alfaguara,Paperback,256,2023,2005,2024/08/03,2024/07/26,,,read,,,,1,0
39889503,"Um sopro de neve e cinzas (Outlander, #6)",Diana Gabaldon,"Gabaldon, Diana",,"=""8580418054""","=""9788580418057""",3.0,Arqueiro,Paperback,1168,2018,2005,2024/07/26,2024/06/29,,,read,,,,1,0
40490410,Orgulho e preconceito (Portuguese Edition),Jane Austen,"Austen, Jane",,"=""8556710174""","=""9788556710178""",4.0,Pe Da Letra,Paperback,242,2021,1813,2024/06/29,2024/06/23,,,read,,,,1,0
29740255,The Choice,Nicholas Sparks,"Sparks, Nicholas",,"=""1455589004""","=""9781455589005""",3.0,Grand Central Publishing,Kindle Edition,327,2015,2007,2024/01/27,2024/01/25,,,read,,,,1,0
48803618,Viagem ao Centro da Terra,Jules Verne,"Verne, Jules",Juliana Ramos Gonçalves,"=""8594318154""","=""9788594318152""",3.0,Principis,Paperback,304,2019,1864,2024/06/23,2024/06/20,,,read,,,,1,0
53702139,O estilo Disney,Bill  Capodagli,"Capodagli, Bill",,"=""8557171137""","=""9788557171138""",3.0,Saraiva Uni,Kindle Edition,388,2018,1998,2024/06/15,2024/06/02,,,read,,,,1,0
165940883,"Holly (Holly Gibney, #3)",Stephen  King,"King, Stephen",Regiane Winarski,"=""8556511929""","=""9788556511928""",4.0,Suma,Paperback,448,2023,2023,2024/06/02,2024/05/26,,,read,,,,1,0
53026361,Notre-Dame: A história de uma catedral,Ken Follett,"Follett, Ken",,"=""""","=""""",3.0,,ebook,,2020,2019,2024/05/18,2024/05/18,,,read,,,,1,0
42964610,Lean Inception: Como alinhar pessoas e construir o produto certo,Paulo Caroli,"Caroli, Paulo",,"=""8594377061""","=""9788594377067""",3.0,Editora Caroli,Paperback,159,2018,,2024/05/18,2024/05/18,,,read,,,,1,0
41582153,Razão e Sensibilidade,Jane Austen,"Austen, Jane",,"=""8595200998""","=""9788595200999""",3.0,Pe da Letra,Paperback,355,2018,1811,2024/05/18,2024/05/04,,,read,,,,1,0
19571674,Tereza Batista Cansada de Guerra,Jorge Amado,"Amado, Jorge",Lygia Fagundes Telles,"=""8535912916""","=""9788535912913""",4.0,Companhia das Letras,Hardcover,472,2008,1972,2024/05/04,2024/04/27,,,read,,,,1,0
199501299,"A Armadura da Luz (Kingsbridge, #4)",Ken Follett,"Follett, Ken",,"=""6555655372""","=""9786555655377""",4.0,Arqueiro,Paperback,640,2023,2023,2024/04/27,2024/04/14,,,read,,,,1,0
49636297,A Firma (Em Portugues do Brasil),John Grisham,"Grisham, John",,"=""8580419859""","=""9788580419856""",4.0,Editora Arqueiro,Paperback,,1900,1991,2022/02/12,2022/02/08,,,read,,,,1,0
42778782,Persuasão,Jane Austen,"Austen, Jane",,"=""8595201099""","=""9788595201095""",3.0,Pé da Letra,Paperback,232,2018,1817,2024/03/28,2024/03/20,,,read,,,,1,0
3145246,Ponto de Impacto,Dan    Brown,"Brown, Dan",Carlos Irineu da Costa,"=""""","=""""",3.0,Editora Sextante,Paperback,448,2005,2001,2024/03/20,2024/03/14,,,read,,,,1,0
31448669,Tripulação de esqueletos,Stephen  King,"King, Stephen",,"=""8560280928""","=""9788560280926""",3.0,Suma de Letras,Paperback,624,2008,1985,2024/03/13,2024/02/13,,,read,,,,1,0
35614195,"Origem (Robert Langdon, #5)",Dan    Brown,"Brown, Dan",Alves Calado,"=""858041766X""","=""9788580417661""",4.0,Arqueiro,Paperback,432,2017,2017,2018/01/20,2017/12/28,,,read,"Segue exatamente o mesmo modelo dos outros livros, acho que já está ficando meio batido.<br/><br/>Mas no geral gostei.<br/><br/>O final foi fácil de sacar e pode ser um pouco difícil para quem não está tão habituado com TI.<br/><br/>",,,1,0
20747921,Hornet Flight,Ken Follett,"Follett, Ken",,"=""1743035497""","=""9781743035498""",4.0,Macmillan,Kindle Edition,484,2002,2002,2024/01/25,2024/01/20,,,read,,,,1,0
63883339,Hamnet,Maggie O'Farrell,"O'Farrell, Maggie",Regina Lyra,"=""655560221X""","=""9786555602210""",4.0,Intrínseca,Hardcover,384,2022,2020,2024/01/20,2024/01/12,,,read,,,,1,0
31559368,"Biblioteca de Almas (Miss Peregrine's Peculiar Children, #3)",Ransom Riggs,"Riggs, Ransom",Fernando Carvalho,"=""858057966X""","=""9788580579666""",3.0,Intrínseca,Hardcover,416,2016,2015,2024/01/12,2024/01/02,,,read,,,,1,0
126495227,O Menino Que Desenhou Auschwitz,Thomas Geve,"Geve, Thomas","Charles Inglefield, Alberto Streicher","=""6555208864""","=""9786555208863""",4.0,Alta Life,Paperback,304,2023,2021,2023/07/16,2023/07/11,,,read,,,,1,0
41074301,12 Lições da História. Para Entender o Mundo,Will Durant,"Durant, Will",Ariel Durant,"=""8595810184""","=""9788595810181""",3.0,Faro,Paperback,128,2018,1968,2021/04/06,2021/04/05,,,read,,,,1,0
59120980,A Biblioteca da Meia-Noite,Matt Haig,"Haig, Matt",Adriana Fidalgo,"=""6558380544""","=""9786558380542""",4.0,Bertrand Brasil,Paperback,308,2021,2020,2024/01/02,2023/12/31,,,read,,,,1,0
43472981,A cruz de fogo (Outlander #5),Diana Gabaldon,"Gabaldon, Diana",,"=""8580418240""","=""9788580418248""",3.0,Arqueiro,Paperback,1120,2020,2001,2023/12/31,2023/11/25,,,read,,,,1,0
119670932,A loteria e outros contos (Portuguese Edition),Shirley Jackson,"Jackson, Shirley",,"=""6557827391""","=""9786557827390""",3.0,Alfaguara,Kindle Edition,336,2022,1949,2023/09/30,2023/09/21,,,read,,,,1,0
13607535,Um Amor para Recordar,Nicholas Sparks,"Sparks, Nicholas",,"=""856321926X""","=""9788563219268""",3.0,Novo Conceito,Paperback,184,2011,1999,2023/11/25,2023/11/25,,,read,,,,1,0
68921339,"FALCAO MALTES , O",Dashiell Hammett,"Hammett, Dashiell",,"=""6556661554""","=""9786556661551""",4.0,Editora: LPM,Paperback,0,,1930,2023/11/25,2023/11/12,,,read,,,,1,0
36355970,"Coluna de Fogo (Kingsbridge, #3)",Ken Follett,"Follett, Ken",Fernanda Abreu,"=""8580417341""","=""9788580417340""",5.0,Editora Arqueiro,Paperback,816,2017,2017,2023/11/12,2023/11/02,,,read,,,,1,0
12356946,ABC de Castro Alves,Jorge Amado,"Amado, Jorge",,"=""8535916598""","=""9788535916591""",4.0,Companhia das Letras,Brochura,304,2010,1971,2023/11/02,2023/10/30,,,read,,,,1,0
23164983,"Hollow City (Miss Peregrine's Peculiar Children, #2)",Ransom Riggs,"Riggs, Ransom",,"=""1594747350""","=""9781594747359""",3.0,Quirk Books,Paperback,412,2015,2014,2023/10/30,2023/10/21,,,read,,,,1,0
25107189,Escuridão Total Sem Estrelas,Stephen  King,"King, Stephen",Viviane Diniz,"=""8581052754""","=""9788581052755""",4.0,Suma de Letras ,Paperback,392,2015,2011,2023/10/21,2023/10/13,,,read,,,,1,0
33120173,O Lar da Srta. Peregrine para Crianças Peculiares (Miss Peregrine’s Peculiar Children #1),Ransom Riggs,"Riggs, Ransom",Ângelo Lessa,"=""8551000683""","=""9788551000687""",4.0,Intrínseca,Hardcover,352,2016,2011,2023/10/13,2023/10/07,,,read,,,,1,0
50759246,O Tempo em Marte,Philip K. Dick,"Dick, Philip K.",Danile Lühmann,"=""8576574748""","=""9788576574743""",3.0,Aleph,Paperback,320,2020,1964,2023/10/07,2023/10/01,,,read,,,,1,0
61605336,O despertar de tudo: Uma nova história da humanidade,David Graeber,"Graeber, David",David Wengrow,"=""655921172X""","=""9786559211722""",3.0,Companhia das Letras,Paperback,696,2022,2021,2023/10/01,2023/01/25,,,read,,,,1,0
61144383,Sobre a Brevidade da Vida,Seneca,"Seneca, Seneca",,"=""6587817661""","=""9786587817668""",3.0,Camelot Editora,Paperback,96,2022,49,2023/09/07,2023/09/05,,,read,,,,1,0
10988,"Drums of Autumn (Outlander, #4)",Diana Gabaldon,"Gabaldon, Diana",,"=""0385335989""","=""9780385335980""",4.0,Dell,Paperback,880,2001,1996,2023/09/05,2023/07/27,,,read,,,,1,0
39325604,O Resgate no Mar (Outlander),Diana Gabaldon,"Gabaldon, Diana",,"=""8580418224""","=""9788580418224""",4.0,Arqueiro,Paperback,992,2018,1993,2023/02/24,2023/02/09,,,read,,,,1,0
13453039,Terras do sem-fim,Jorge Amado,"Amado, Jorge",,"=""8535912524""","=""9788535912524""",3.0,Companhia das Letras,Paperback,280,2008,1943,2023/07/27,2023/07/17,,,read,,,,1,0
51187279,Capitães da Areia,Jorge Amado,"Amado, Jorge",,"=""""","=""""",5.0,,Unknown Binding,283,,1937,2021/08/09,2021/08/04,,,read,,,,1,0
9975759,Cacau,Jorge Amado,"Amado, Jorge",,"=""8535917268""","=""9788535917260""",3.0,Companhia das Letras,Paperback,184,2010,1933,2023/03/28,2023/03/26,,,read,,,,1,0
49659543,Torto arado,Itamar Vieira Junior,"Junior, Itamar Vieira",,"=""6580309318""","=""9786580309313""",4.0,Todavia,Paperback,262,2019,2019,2023/07/11,2023/06/27,,,read,,,,1,0
28004209,"Mundo Sem Fim (The Pillars of the Earth, #2)",Ken Follett,"Follett, Ken",Pinheiro de Lemos,"=""8580414733""","=""9788580414738""",4.0,Arqueiro,Paperback,1136,2015,2007,2023/06/27,2023/06/01,,,read,,,,1,0
15789410,"Os Pilares da Terra (Os pilares da Terra, #1)",Ken Follett,"Follett, Ken",Paulo Azevedo,"=""8532527698""","=""9788532527691""",5.0,Rocco,Hardcover,943,2012,1989,2023/06/01,2023/05/03,,,read,,,,1,0
58065346,"A Time for Mercy (Jake Brigance, #3)",John Grisham,"Grisham, John",,"=""""","=""""",4.0,Vintage,Mass Market Paperback,640,2021,2020,2023/05/03,2023/04/05,,,read,,,,1,0
41134326,Espere agora pelo ano passado,Philip K. Dick,"Dick, Philip K.",Braulio Tavares,"=""8556510736""","=""9788556510730""",2.0,Suma,Hardcover,296,2018,1966,2023/04/04,2023/03/30,,,read,,,,1,0
18106902,Suor,Jorge Amado,"Amado, Jorge",,"=""8535917926""","=""9788535917925""",3.0,Companhia das Letras,Paperback,160,2011,1934,2023/03/30,2023/03/28,,,read,,,,1,0
55037002,O crepúsculo e a aurora,Ken Follett,"Follett, Ken",Fernanda Abreu,"=""6555650184""","=""9786555650181""",5.0,Arqueiro,Paperback,704,2020,2020,2023/03/26,2023/03/14,,,read,,,,1,0
81071809,"A lista do juiz (The Whistler, #2)",John Grisham,"Grisham, John","Bruno Fiúza, Roberta Clapp","=""6555653957""","=""9786555653953""",3.0,Arqueiro,Paperback,320,2022,2021,2023/03/14,2023/03/09,,,read,,,,1,0
2278184,O Sumiço Da Santa: Uma história de feitiçaria,Jorge Amado,"Amado, Jorge",,"=""8510344477""","=""9788510344470""",4.0,Editora Record,Paperback,438,1988,1988,2023/03/06,2023/02/26,,,read,,,,1,0
39902406,O tempo desconjuntado,Philip K. Dick,"Dick, Philip K.",Braulio Tavares,"=""8556510663""","=""9788556510662""",3.0,Suma,Hardcover,272,2018,1959,2023/02/26,2023/02/25,,,read,,,,1,0
19459680,O País do Carnaval,Jorge Amado,"Amado, Jorge",,"=""8535917985""","=""9788535917987""",3.0,Companhia das Letras,Paperback,176,2011,1930,2023/01/25,2023/01/24,,,read,,,,1,0
42268200,O buraco da agulha,Ken Follett,"Follett, Ken",,"=""858041881X""","=""9788580418811""",4.0,Arqueiro,Paperback,336,2018,1978,2023/01/24,2023/01/20,,,read,,,,1,0
22662729,A Dança da Morte,Stephen  King,"King, Stephen",Gilson Soares,"=""""","=""""",3.0,Suma de Letras,Paperback,1248,2013,1978,2023/01/20,2022/12/19,,,read,,,,1,0
22305401,"Eternidade por um Fio (O Século, #3)",Ken Follett,"Follett, Ken",Fernanda Abreu,"=""8580412919""","=""9788580412918""",5.0,Arqueiro,Paperback,1071,2014,2014,2022/12/19,2022/12/04,,,read,,,,1,0
16050127,"Inverno do Mundo (O Século, #2)",Ken Follett,"Follett, Ken",Fernanda Abreu,"=""8580410894""","=""9788580410891""",5.0,Arqueiro,Paperback,875,2012,2012,2022/12/04,2022/11/06,,,read,,,,1,0
59342296,Procure nas Cinzas,Charlie Donlea,"Donlea, Charlie",Carlos Szlak,"=""6559570282""","=""9786559570287""",4.0,Faro Editorial,Paperback,356,2021,2021,2022/11/06,2022/11/02,,,read,,,,1,0
17974855,À Espera de um Milagre,Stephen  King,"King, Stephen",M.H.C. Côrtes,"=""8581050379""","=""9788581050379""",5.0,Suma de Letras ,Paperback,400,2013,1996,2022/11/02,2022/10/17,,,read,,,,1,0
23447446,"Casei Com Um Comunista (The American Trilogy, #2)",Philip Roth,"Roth, Philip",Rubens Figueiredo,"=""8535925120""","=""9788535925128""",3.0,Companhia de Bolso,Pocket,360,2014,1998,2022/10/17,2022/09/15,,,read,,,,1,0
5123368,O Cliente,John Grisham,"Grisham, John",Aulyde Soares Rodrigues,"=""8532504817""","=""9788532504814""",4.0,Rocco,Paperback,430,1996,1993,2022/09/15,2022/09/09,,,read,,,,1,0
61683286,"Escravidão, Volume 3: Da Independência do Brasil à Lei Áurea",Laurentino Gomes,"Gomes, Laurentino",,"=""6559870529""","=""9786559870523""",4.0,Globo Livros,Paperback,592,2022,2022,2022/09/09,2022/08/18,,,read,,,,1,0
39933650,Tocaia Grande - A Face Obscura,Jorge Amado,"Amado, Jorge",,"=""""","=""""",4.0,Record,Paperback,505,1985,1984,2022/08/18,2022/08/05,,,read,,,,1,0
37845303,Deixada Para Trás,Charlie Donlea,"Donlea, Charlie",Carlos Szlak,"=""8595810087""","=""9788595810082""",3.0,Faro Editorial,Paperback,368,2017,2017,2022/08/05,2022/07/31,,,read,,,,1,0
10387489,"Queda de Gigantes (O Século, #1)",Ken Follett,"Follett, Ken","Fernanda Abreu, Fabiano Morais","=""859929685X""","=""9788599296851""",5.0,Editora Arqueiro,Paperback,912,2010,2005,2022/07/31,2022/07/05,,,read,,,,1,0
12902236,Jubiabá,Jorge Amado,"Amado, Jorge",,"=""8535913548""","=""9788535913545""",3.0,Companhia das Letras,Paperback,360,2008,1935,2022/07/05,2022/06/29,,,read,,,,1,0
17563141,"Traição em Veneza (Cotton Malone, #3)",Steve Berry,"Berry, Steve",,"=""8501087599""","=""9788501087591""",3.0,Record,Paperback,574,2010,2007,2022/06/29,2022/06/24,,,read,,,,1,0
45309823,Ponto Cego (Em Portugues do Brasil),Lya Luft,"Luft, Lya",,"=""8501066087""","=""9788501066084""",3.0,Record,Paperback,0,2003,1999,2022/06/24,2022/06/23,,,read,,,,1,0
38715618,A Libélula no Âmbar (Outlander),Diana Gabaldon,"Gabaldon, Diana",,"=""8580417899""","=""9788580417890""",4.0,Arqueiro,Paperback,880,2018,1992,2022/06/23,2022/06/11,,,read,,,,1,0
55736733,Cartada Final,John Grisham,"Grisham, John","Bruno Fiúza, Roberta Clapp","=""6555650478""","=""9786555650471""",4.0,Arqueiro,Paperback,320,2020,2019,2022/06/11,2022/06/05,,,read,,,,1,0
7861957,Mar Morto,Jorge Amado,"Amado, Jorge",,"=""8535911820""","=""9788535911824""",5.0,Companhia das Letras,Paperback,288,2008,1936,2022/06/05,2022/05/31,,,read,,,,1,0
22489270,A Maldição,Richard  Bachman,"Bachman, Richard","Stephen  King, Louisa Ibañez","=""8581050492""","=""9788581050492""",3.0,Suma de Letras,Paperback,287,2012,1984,2022/05/30,2022/05/13,,,read,,,,1,0
55676275,"Fundação (Fundação, #1)",Isaac Asimov,"Asimov, Isaac",,"=""8576571730""","=""9788576571735""",2.0,Aleph,Kindle Edition,288,2020,1951,2022/05/13,2022/05/07,,,read,,,,1,0
55363451,Nunca Saia Sozinho,Charlie Donlea,"Donlea, Charlie",Carlos Szlak,"=""6586041368""","=""9786586041361""",3.0,Faro Editorial,Paperback,352,2020,2020,2022/05/07,2022/05/04,,,read,,,,1,0
38715636,Outlander: A Viajante Do Tempo,Diana Gabaldon,"Gabaldon, Diana",Gen Hrata,"=""8580418216""","=""9788580418217""",4.0,Arqueiro,Paperback,752,2018,1991,2022/05/04,2022/04/21,,,read,,,,1,0
58750384,Love: A história de Lisey,Stephen  King,"King, Stephen",,"=""8556511228""","=""9788556511225""",2.0,Suma,Paperback,536,2021,2006,2022/04/21,2022/03/30,,,read,"O livro tem momentos bons e momentos cansativos, longos e chatos. No geral achei fraco.<br/><br/>Ps: alguém contou quantas vezes aparece a palavra joça na tradução em português? Rsrs tive a impressão que foram umas mil rsrs",,,1,0
59057760,A Cidadela,A.J. Cronin,"Cronin, A.J.",Genolino Amado,"=""6558470306""","=""9786558470304""",5.0,José Olympio,Paperback,518,2021,1937,2022/03/30,2022/03/23,,,read,,,,1,0
8513213,A Intimação,John Grisham,"Grisham, John",Aulyde Soares Rodrigues,"=""8532514359""","=""9788532514356""",3.0,Rocco,Paperback,283,2002,2002,2022/03/23,2022/03/18,,,read,,,,1,0
38355410,Elevation,Stephen  King,"King, Stephen",,"=""1982102314""","=""9781982102319""",3.0,Scribner ,Hardcover,146,2018,2018,2022/03/18,2019/04/06,,,read,,,,1,0
45175925,Angústia,Graciliano Ramos,"Ramos, Graciliano",,"=""8501115940""","=""9788501115942""",3.0,Record,Paperback,368,2019,1936,2022/03/05,2022/03/03,,,read,,,,1,0
9975627,Dona Flor e seus Dois Maridos,Jorge Amado,"Amado, Jorge",,"=""8535911707""","=""9788535911701""",5.0,Companhia das Letras,Paperback,488,2008,1966,2022/03/15,2022/03/05,,,read,,,,1,0
40144661,1565: Enquanto o Brasil Nascia,Pedro Doria,"Doria, Pedro",,"=""8595082065""","=""9788595082069""",3.0,HarperCollins Brasil,Paperback,304,2018,2012,2022/03/03,2022/02/28,,,read,,,,1,0
41715192,Não Confie em Ninguém,Charlie Donlea,"Donlea, Charlie",Carlos Szlak,"=""8595810435""","=""9788595810433""",3.0,Faro Editorial,Paperback,352,2018,2018,2022/02/28,2022/02/26,,,read,,,,1,0
20939167,"Dália Negra (L.A. Quartet, #1)",James Ellroy,"Ellroy, James",,"=""8577993485""","=""9788577993482""",5.0,Edições BestBolso,Paperback,448,2011,1987,2022/02/26,2022/02/20,,,read,,,,1,0
27556426,Christine,Stephen  King,"King, Stephen",Louisa Ibañez,"=""8560280871""","=""9788560280872""",4.0,Suma das Letras,Paperback,616,2013,1983,2022/02/20,2022/02/15,,,read,,,,1,0
17883125,Bravura indômita,Charles Portis,"Portis, Charles",Cássio de Arantes Leite,"=""8579620430""","=""9788579620430""",4.0,Alfaguara,Paperback,192,2011,1968,2022/02/15,2022/02/13,,,read,,,,1,0
3452306,O Gênio do Crime,João Carlos Marinho,"Marinho, João Carlos",,"=""8526010476""","=""9788526010475""",4.0,Editora Global ,Paperback,144,2006,1969,2022/02/13,2022/02/12,,,read,,,,1,0
56932003,Agosto,Rubem Fonseca,"Fonseca, Rubem",,"=""""","=""9788520938065""",5.0,Nova Fronteira,Paperback,368,2020,1990,2022/01/02,2021/12/31,,,read,,,,1,0
15779325,A Assustadora História da Medicina,Richard Gordon,"Gordon, Richard",Aulyde Soares Rodrigues,"=""8500928417""","=""9788500928413""",2.0,Ediouro,Paperback,223,1997,1993,2022/02/08,2022/02/06,,,read,,,,1,0
5152227,Eram os Deuses Astronautas?,Erich von Däniken,"Däniken, Erich von",,"=""""","=""""",2.0,Melhoramentos,Paperback,180,2008,1968,2022/02/06,2022/02/04,,,read,,,,1,0
26059962,Um Porto Seguro,Nicholas Sparks,"Sparks, Nicholas",Ivar Panazzolo Júnior,"=""8581630049""","=""9788581630045""",3.0, Novo Conceito ,Paperback,384,2012,2010,2022/02/04,2022/01/31,,,read,,,,1,0
239100,Digital Fortress,Dan    Brown,"Brown, Dan",,"=""0312995423""","=""9780312995423""",3.0,St. Martin's Paperbacks,Paperback,431,2004,1998,2022/01/31,2022/01/28,,,read,,,,1,0
46045505,Tempo Estranho,Joe  Hill,"Hill, Joe",,"=""8595083215""","=""9788595083219""",3.0,HarperCollins,Paperback,448,2019,2017,2022/01/28,2022/01/23,,,read,,,,1,0
54788992,O Livro da Economia,Niall Kishtainy,"Kishtainy, Niall",,"=""8525067210""","=""9788525067210""",3.0,Globo,Hardcover,352,2018,2012,2020/09/07,2020/08/16,,,read,,,,1,0
56273279,O dossiê pelicano,John Grisham,"Grisham, John",,"=""8530601238""","=""9788530601232""",4.0,Editora Arqueiro,Mass Market Paperback,,2019,1992,2022/01/20,2022/01/15,,,read,,,,1,0
25577381,"O Sono Eterno (Philip Marlowe, #1)",Raymond Chandler,"Chandler, Raymond",,"=""8579623952""","=""9788579623950""",3.0,Alfaguara Brasil,Paperback,256,2015,1939,2022/01/15,2022/01/12,,,read,,,,1,0
34212005,A Garota do Lago,Charlie Donlea,"Donlea, Charlie",Carlos Szlak,"=""856240988X""","=""9788562409882""",3.0,Faro Editorial,Paperback,296,2017,2016,2022/01/12,2022/01/08,,,read,,,,1,0
48983646,Mulheres Empilhadas,Patrícia Melo,"Melo, Patrícia",,"=""8577346889""","=""9788577346882""",3.0,Leya,Paperback,240,2019,2019,2022/01/08,2022/01/02,,,read,,,,1,0
42431973,A última noite do mundo,C.S. Lewis,"Lewis, C.S.",,"=""8578607597""","=""9788578607593""",3.0,Thomas Nelson Brasil,Hardcover,144,2018,1960,2021/12/31,2021/12/30,,,read,,,,1,0
40803490,Celular,Stephen  King,"King, Stephen",,"=""8556510723""","=""9788556510723""",3.0,Suma de Letras,Paperback,384,2018,2006,2021/12/30,2021/12/26,,,read,,,,1,0
9114532,Querido John,Nicholas Sparks,"Sparks, Nicholas",,"=""8563219022""","=""9788563219022""",3.0,Novo Conceito,Paperback,287,2010,2006,2021/12/23,2021/12/19,,,read,,,,1,0
45020982,Uma Mulher na Escuridão,Charlie Donlea,"Donlea, Charlie",Carlos Szlak,"=""8595810729""","=""9788595810723""",3.0,Faro Editorial,Paperback,304,2019,2019,2021/12/26,2021/12/23,,,read,,,,1,0
18480381,Tenda dos Milagres,Jorge Amado,"Amado, Jorge",,"=""8535912908""","=""9788535912906""",2.0,Companhia das Letras,Paperback,320,2008,1969,2021/12/19,2021/12/07,,,read,,,,1,0
19451198,Robinson Crusoé,Daniel Defoe,"Defoe, Daniel",Sergio Flaksman,"=""8563560417""","=""9788563560414""",5.0,Penguin - Companhia das Letras,Paperback,408,2012,1719,2021/12/07,2021/12/03,,,read,,,,1,0
45021607,Uma mulher no escuro,Raphael Montes,"Montes, Raphael",,"=""8535931767""","=""9788535931761""",4.0,Companhia das Letras,Paperback,256,2019,2019,2021/12/03,2021/11/28,,,read,,,,1,0
18904467,"Time and Again (Time, #1)",Jack Finney,"Finney, Jack",,"=""0575093153""","=""""",3.0,Gateway,Kindle Edition,393,2013,1970,2021/11/28,2021/11/16,,,read,,,,1,0
15945726,A Noite dos Tempos,René Barjavel,"Barjavel, René",Marisa Murray,"=""""","=""""",3.0,Artenova,Paperback,186,1975,1968,2021/11/16,2021/11/15,,,read,,,,1,0
58836845,A Psicologia da Estupidez,Jean-François Marmion,"Marmion, Jean-François",,"=""6586041589""","=""9786586041583""",3.0,Avis Rara,Paperback,320,2021,2019,2021/11/15,2021/11/02,,,read,,,,1,0
10684280,11/22/63,Stephen  King,"King, Stephen",,"=""1451627300""","=""9781451627305""",5.0,Scribner,ebook,864,2011,2011,2021/11/02,2021/10/12,,,read,,,,1,0
6965986,A Morte e a morte de Quincas Berro D'Água,Jorge Amado,"Amado, Jorge",,"=""8535911839""","=""9788535911831""",5.0,Companhia Das Letras,Paperback,120,2008,1959,2021/10/12,2021/10/10,,,read,,,,1,0
42427172,Mentes geniais (Portuguese Edition),Alberto Dell'Isolla,"Dell'Isolla, Alberto",,"=""8550302732""","=""9788550302737""",3.0,Universo DOS Livros,Paperback,322,2020,2012,2018/11/02,2018/10/29,,,read,,,,1,0
17251984,À Primeira Vista,Nicholas Sparks,"Sparks, Nicholas",,"=""858041055X""","=""9788580410556""",2.0, Arqueiro,Paperback,256,2012,2006,2021/09/15,2021/09/11,,,read,,,,1,0
54912765,"Com Sangue (Holly Gibney, #2)",Stephen  King,"King, Stephen",Regiane Winarski,"=""8556510973""","=""9788556510976""",3.0,Suma,Paperback,400,2020,2020,2021/09/11,2021/08/29,,,read,,,,1,0
39981003,"Neandertal, nosso irmão: Uma breve história do homem (Portuguese Edition)",Silvana Condemi,"Condemi, Silvana","François Savatier, Benoît Clarys, Fernando Scheibe","=""8582864507""","=""9788582864500""",3.0,Vestígio Editora,Kindle Edition,245,2018,2016,2019/03/10,2018/12/07,,,read,,,,1,0
17185694,O Advogado,John Grisham,"Grisham, John",Aulyde Soares Rodrigues,"=""853250891X""","=""""",3.0,Rocco,Paperback,352,1998,1998,2021/08/29,2021/08/25,,,read,,,,1,0
11384516,Tieta do Agreste,Jorge Amado,"Amado, Jorge",,"=""9722017985""","=""9789722017985""",4.0,,,659,,1977,2021/08/25,2020/12/16,,,read,,,,1,0
57459383,Depois,Stephen  King,"King, Stephen",Regiane Winarski,"=""8556511120""","=""9788556511126""",4.0,Suma,Paperback,192,2021,2021,2021/08/11,2021/08/09,,,read,,,,1,0
58168878,Escravidão – Volume 2: Da corrida do ouro em Minas Gerais até a chegada da corte de Dom João ao Brasil,Laurentino Gomes,"Gomes, Laurentino",,"=""6555670398""","=""9786555670394""",5.0,Globo Livros,Paperback,512,2021,2021,2021/08/04,2021/07/12,,,read,,,,1,0
17204759,"Pastoral americana (The American Trilogy, #1)",Philip Roth,"Roth, Philip",Rubens Figueiredo,"=""8571648522""","=""9788571648524""",3.0,Companhia das Letras,Paperback,480,1998,1997,2021/07/12,2021/06/19,,,read,,,,1,0
28177522,Os Trabalhadores do Mar,Victor Hugo,"Hugo, Victor",Machado de Assis,"=""851301088X""","=""9788513010884""",2.0,Nova Cultural,Hardcover,366,2003,1866,2019/04/05,2019/03/27,,,read,,,,1,0
57668174,A queda,Albert Camus,"Camus, Albert",Valerie Rumjanek,"=""6555871261""","=""9786555871265""",2.0,Record,Hardcover,152,2021,1956,2021/06/19,2021/06/13,,,read,,,,1,0
57668135,A peste,Albert Camus,"Camus, Albert",Valerie Rumjanek,"=""6555871253""","=""9786555871258""",3.0,Record,Hardcover,424,2021,1947,2021/06/13,2021/06/03,,,read,,,,1,0
57668040,O mito de Sísifo,Albert Camus,"Camus, Albert","Ari Roitman, Paulina Watch","=""6555871245""","=""9786555871241""",2.0,Record,Hardcover,224,2021,1942,2021/06/03,2021/05/23,,,read,,,,1,0
57668083,O estrangeiro,Albert Camus,"Camus, Albert",Valerie Rumjanek,"=""6555871237""","=""9786555871234""",4.0,Record,Hardcover,176,2021,1942,2021/05/23,2021/05/23,,,read,,,,1,0
57518042,Séries - O livro: De onde vieram e como são feitas,Jacqueline Cantore,"Cantore, Jacqueline","Marcelo Rubens Paiva, Eduardo Foresti","=""8547001220""","=""9788547001223""",3.0,Objetiva,Paperback,232,2021,,2021/05/23,2021/05/20,,,read,,,,1,0
15828376,"O Casamento (Diário de uma paixão, #2)",Nicholas Sparks,"Sparks, Nicholas",Fernanda Abreu,"=""8580410568""","=""9788580410563""",3.0,Arqueiro,Paperback,224,2012,2003,2021/05/15,2021/05/10,,,read,,,,1,0
53130459,A ascensão de Atenas: A história da maior civilização do mundo,Anthony Everitt,"Everitt, Anthony",,"=""8542217543""","=""9788542217544""",2.0,Crítica,Capa dura,488,2019,2016,2021/05/10,2021/04/14,,,read,,,,1,0
36437485,A Dama das Camélias,Alexandre Dumas fils,"fils, Alexandre Dumas",,"=""8544000169""","=""9788544000168""",3.0,Martin Claret,Paperback,242,2014,1848,2021/04/14,2021/04/10,,,read,,,,1,0
11079750,O Milagre,Nicholas Sparks,"Sparks, Nicholas",,"=""8520924824""","=""9788520924822""",3.0,Agir,Paperback,238,2010,2003,2021/04/10,2021/04/06,,,read,,,,1,0
40127922,"Outsider (Holly Gibney, #1)",Stephen  King,"King, Stephen",Regiane Winarski,"=""8556510671""","=""9788556510679""",4.0,Suma,Paperback,528,2018,2018,2021/03/18,2021/03/13,,,read,,,,1,0
11378197,Diário de Uma Paixão,Nicholas Sparks,"Sparks, Nicholas",,"=""""","=""9788563219206""",3.0,Novo Conceito,Paperback,244,2010,1996,2021/03/13,2021/03/13,,,read,,,,1,0
20453215,O Nome da Rosa,Umberto Eco,"Eco, Umberto",,"=""8577991261""","=""9788577991266""",3.0,BestBolso,Paperback,592,2012,1980,2021/03/13,2021/03/02,,,read,,,,1,0
52263222,Acerto de contas,John Grisham,"Grisham, John",,"=""""","=""""",3.0,,Paperback,,2019,2018,2021/03/02,2021/02/25,,,read,"Eu gosto muito dos livros de Grisham, é uma leitura fácil, sem muita enrolação e com histórias realmente boas.<br/><br/>Esse livro acho que deixou um pouco a desejar (frente a seus outros romances). É fácil criticar sendo leitor, pois escrever é uma arte e das mais complexas. Mas mesmos assim vou dar meu ponto de vista.<br/><br/>SPOILERS<br/><br/>O livro é muito triste e bem melancólico. Acaba de uma forma que não nos traz esperança. Foi só desgraça do início ao fim. <br/><br/>Todo capítulo referente ao período da guerra é muito bem descrito e realmente é uma história incrível (ainda mais sabendo que que as batalhes e marchas de Baatan realmente ocorreram), mas para o contexto do livro, desculpe, não acrescenta muita coisa. Não era preciso para reforçar o caráter do personagem, já sabíamos disso na primeira parte do livro. Acho que o autor queria criar uma história em torno dessa parte da guerra, mas acabou sendo desnecessário para o andamento do livro. <br/><br/>Não concordo com alguns comentários que afirmaram que ele foi racista. Era a a forma como as coisas funcionavam naquela época. Ponto.<br/><br/>Quanto às personagens femininas, são todas fracas. Stella é frágil. Florry parece que só leva a vida, sem acrescentar muita coisa. Liza foi fraca e se tornou meio que a vilã, mas espera um pouco, ela teve um caso quando estava até então viúva. Qual foi o erro? <br/><br/>Pete no fim das contas foi um inconsequente. Além de um ciúme sem fundamentos (sua mulher achava que ele tinha morrido), não justificava a morte de outra pessoa. E além disso ele matou sem nem ao menos confrontar o pastor. Não critico a decisão do autor nesse ponto, afinal, era isso que ele queria mostrar: como escolhas erradas desencadeiam uma série de outras escolhas e atitudes erradas. <br/><br/>Ao final, podíamos esperar uma evolução de seus filhos, mas acho que não evoluíram muito, pelo menos não foi mostrado. Eles se aproximaram como irmão, aprenderam a se virar e sabiam que não podiam mais depender do dinheiro da fazendo do pai, mas não podemos esquecer que herdaram a parte da tia, resumindo: ficaram mais ou menos na mesma.",true,,1,0
27877501,Dolores Claiborne,Stephen  King,"King, Stephen",,"=""150114118X""","=""9781501141188""",4.0,Scribner,ebook,400,2016,1992,2021/02/25,2021/02/20,,,read,,,,1,0
3640452,O Jogador,Fyodor Dostoevsky,"Dostoevsky, Fyodor",Roberto Gomes,"=""8525409308""","=""9788525409300""",3.0,L&PM,Mass Market Paperback,242,1998,1866,2017/10/01,2017/09/02,,,read,,,,1,0
15721212,"Gabriela, cravo e canela",Jorge Amado,"Amado, Jorge",,"=""8535920986""","=""9788535920987""",5.0,Companhia das Letras,Paperback,336,2012,1958,2021/02/18,2021/02/08,,,read,,,,1,0
24563508,Complô Contra a América,Philip Roth,"Roth, Philip",Paulo Henriques Britto,"=""8535925430""","=""9788535925432""",4.0,Companhia de Bolso,Paperback,440,2015,2004,2021/02/08,2021/01/31,,,read,,,,1,0
21480910,"1789 - A história de Tiradentes, contrabandistas, assassinos e poetas que sonharam a Independência do Brasil",Pedro Doria,"Doria, Pedro",,"=""""","=""""",4.0,Nova Fronteira,Kindle Edition,244,2014,2014,2021/01/31,2021/01/30,,,read,,,,1,0
51503074,O Instituto,Stephen  King,"King, Stephen",Regiane Winarski,"=""855651085X""","=""9788556510853""",5.0,Suma,Paperback,544,2019,2019,2021/01/30,2021/01/22,,,read,,,,1,0
31191248,O Príncipe,Niccolò Machiavelli,"Machiavelli, Niccolò",Hingo Weber,"=""8532641857""","=""9788532641854""",3.0,Vozes ,Paperback,120,2011,1513,2021/01/22,2021/01/18,,,read,,,,1,0
13452653,As Neves do Kilimanjaro e Outros Contos,Ernest Hemingway,"Hemingway, Ernest",,"=""8577992470""","=""9788577992478""",2.0,Bestbolso,Paperback,176,2011,1936,2021/01/15,2021/01/12,,,read,"Gostei muito de O Velho e o Mar e esperava mais desses contos. O primeiro, que dá título ao livro, é muito bom, mas os outros achei fracos, ou talvez não tenha captado a essência deles, o período histórico,  ou qualquer outra coisa. Acabam do nada e não me passaram nenhuma mensagem.",,,1,0
10959134,O Velho e o Mar,Ernest Hemingway,"Hemingway, Ernest",,"=""8577992969""","=""9788577992966""",4.0,BestBolso,Paperback,112,2010,1952,2021/01/05,2021/01/03,,,read,,,,1,0
41944479,Vox,Christina Dalcher,"Dalcher, Christina",Alves Calado,"=""8580418895""","=""9788580418897""",3.0,Arqueiro,Paperback,320,2018,2018,2021/01/03,2021/01/01,,,read,"I don,t know if I missed something, but I thought Olivia had died,  but in the end she appears at the funeral.",,,1,0
26177353,O Leitor do Trem das 6h27,Jean-Paul Didierlaurent,"Didierlaurent, Jean-Paul",Adalgisa Campos da Silva,"=""8580577918""","=""9788580577914""",4.0,Intrínseca,Paperback,176,2015,2014,2021/01/01,2020/12/31,,,read,,,,1,0
36211877,Leonardo da Vinci,Walter Isaacson,"Isaacson, Walter",André Czarnobai,"=""8551002570""","=""9788551002575""",5.0,Intrínseca,Hardcover,640,2017,2017,2020/12/31,2020/12/22,,,read,,,,1,0
51188232,O Caso dos Exploradores de Cavernas,Lon L. Fuller,"Fuller, Lon L.",José Roberto de Castro Neves,"=""8520937438""","=""9788520937433""",3.0,Nova Fronteira,Paperback,128,2020,1949,2020/12/22,2020/12/22,,,read,,,,1,0
20810413,Sidarta,Hermann Hesse,"Hesse, Hermann",Herbert Caro,"=""8577994120""","=""9788577994120""",3.0,BestBolso,Mass Market Paperback,144,2014,1922,2020/12/22,2020/12/20,,,read,,,,1,0
32811657,O Tribunal da Quinta-Feira,Michel Laub,"Laub, Michel",,"=""8535928324""","=""9788535928327""",3.0,Companhia das Letras,Paperback,184,2016,2016,2020/12/19,2020/12/15,,,read,,,,1,0
56134774,Tem um livro aqui que você vai gostar (Portuguese Edition),Antonio Fagundes,"Fagundes, Antonio",,"=""6555641029""","=""9786555641028""",4.0,Editora Sextante,Kindle Edition,255,2020,,2020/12/17,2020/12/15,,,read,"Gostei demais do livro do Fagundes. Gosto muito de ler e por conta das dicas do Fagundws, acabei comprando 11 livros agora mesmo...",,,1,0
28245498,Os Robôs da Alvorada,Isaac Asimov,"Asimov, Isaac",,"=""""","=""""",5.0,Aleph,Kindle Edition,544,,1983,2020/12/15,2020/11/21,,,read,,,,1,0
22116835,O Sol Desvelado,Isaac Asimov,"Asimov, Isaac",Aline Storto Pereira,"=""8576571668""","=""9788576571667""",5.0,Aleph,Paperback,288,2014,1958,2020/11/21,2020/11/08,,,read,,,,1,0
18394644,As Cavernas de Aço,Isaac Asimov,"Asimov, Isaac",Aline Storto Pereira,"=""8576571501""","=""9788576571506""",4.0,Aleph,Paperback,304,2013,1953,2020/11/08,2020/10/31,,,read,,,,1,0
28469095,Dinheiro: Os Segredos de Quem Tem,Gustavo Cerbasi,"Cerbasi, Gustavo",,"=""8543103169""","=""9788543103167""",3.0,Sextante,Paperback,160,2016,2005,2020/10/12,2020/08/18,,,read,,,,1,0
43127835,Por que nós dormimos: a nova ciência do sono e do sonho,Matthew Walker,"Walker, Matthew",,"=""8551003658""","=""9788551003657""",4.0,Intrínseca,Paperback,400,2018,2017,2020/10/12,2020/09/12,,,read,,,,1,0
35140818,Camino Island,John Grisham,"Grisham, John",,"=""1473663725""","=""9781473663725""",3.0,Hachette,Hardcover,290,2017,2017,2020/09/12,2020/09/07,,,read,,,,1,0
48560168,Pequeno Manual Antirracista,Djamila Ribeiro,"Ribeiro, Djamila",,"=""8535932879""","=""9788535932874""",3.0,Companhia das Letras,Paperback,136,2019,2019,2020/08/23,2020/08/23,,,read,,,,1,0
33851752,Empreendedores Inteligentes Enriquecem Mais,Gustavo Cerbasi,"Cerbasi, Gustavo",,"=""8543104122""","=""9788543104126""",3.0,Sextante,Paperback,208,2016,2016,2020/08/16,2020/08/08,,,read,,,,1,0
2325381,Bloomberg by Bloomberg,Michael R. Bloomberg,"Bloomberg, Michael R.",,"=""0471155454""","=""9780471155454""",4.0,Wiley,Hardcover,272,1997,1997,2020/07/31,2020/07/22,,,read,,,,1,0
11564,The Girl Who Loved Tom Gordon,Stephen  King,"King, Stephen",,"=""1416524290""","=""9781416524298""",4.0,Pocket,Mass Market Paperback,264,2000,1999,2020/07/22,2020/07/19,,,read,,,,1,0
54569180,Pedras no Chão,Márcio Santos,"Santos, Márcio",,"=""6599088309""","=""9786599088308""",4.0,,Paperback,135,2020,,2020/07/19,2020/07/17,,,read,,,,1,0
48645618,O Fim da Eternidade,Isaac Asimov,"Asimov, Isaac",Susana Alexandria,"=""8576574225""","=""9788576574224""",4.0,Aleph,Paperback,256,2019,1955,2020/07/17,2020/07/14,,,read,,,,1,0
12776027,O Vermelho e o Negro,Stendhal,"Stendhal, Stendhal",Maria Cristina F. da Silva,"=""8513011207""","=""9788513011201""",3.0,Nova Cultural,Hardcover,510,2003,1830,2020/07/14,2020/06/28,,,read,,,,1,0
45063723,"O Teste Da Mãe: Como Conversar Com Clientes E Descobrir Se Sua Ideia � Boa, Mesmo Com Todos Mentindo Para Voc�",Rob  Fitzpatrick,"Fitzpatrick, Rob",Daniel Salengue,"=""1093693460""","=""9781093693461""",4.0,Independently published,Paperback,154,2019,2013,2020/06/28,2020/06/20,,,read,,,,1,0
53902357,"Curso de Fotografia de Retrato - Fundamentos, técnica e prática",Mark Jenkinson,"Jenkinson, Mark",,"=""8579601460""","=""9788579601460""",3.0,Editora Europa,Paperback,224,2012,,2020/06/20,2020/06/08,,,read,,,,1,0
20360161,As memórias de Sherlock Holmes #2,Arthur Conan Doyle,"Doyle, Arthur Conan",,"=""""","=""""",4.0,Zahar,Paperback,,2010,,2019/04/11,2019/04/21,,,read,,,,1,0
53883548,Fotografia - Um guia para ser fotógrafo em um mundo onde todos fotografam,Daniela Agostini,"Agostini, Daniela","Heloísa Alessio, Thomas Degen","=""8539627957""","=""9788539627950""",3.0,Senac Editora,Paperback,341,2019,,2020/06/08,2020/06/07,,,read,,,,1,0
34098212,o Advogado Rebelde,John Grisham,"Grisham, John",,"=""8532530419""","=""9788532530417""",4.0,Rocco,Paperback,398,2016,2015,2020/06/07,2020/05/31,,,read,,,,1,0
41188093,Manifesto do Partido Comunista,Friedrich Engels,"Engels, Friedrich",,"=""857283902X""","=""9788572839020""",2.0,Edipro,Paperback,0,2015,1848,2020/05/27,2020/05/25,,,read,"Pode até ser um livro histórico,  mas é um manifestode mais de 150 anos sobre algo que provadamente não funciona e nao é o melhor modelo.",,,1,0
42953575,Justiça a Qualquer Preço,John Grisham,"Grisham, John",Fernanda Abreu,"=""8580418917""","=""9788580418910""",3.0,Arqueiro,Paperback,336,2018,,2020/05/31,2020/05/27,,,read,,,,1,0
35012103,It,Stephen  King,"King, Stephen",,"=""1501182099""","=""9781501182099""",3.0,Scribner,Hardcover,1156,2017,1986,2020/05/25,2020/04/05,,,read,"Desnecessariamente longo. Bom, mas podia ter um terço do tamanho.",,,1,0
41749569,Design Thinking,Tim    Brown,"Brown, Tim",,"=""8550801348""","=""9788550801346""",3.0,Alta Books,Paperback,272,2017,2009,2019/06/04,2019/05/22,,,read,,,,1,0
1938164,Aventuras de Sherlock Holmes,Arthur Conan Doyle,"Doyle, Arthur Conan",,"=""9684324278""","=""9789684324275""",4.0,Porrua,Paperback,299,1998,,2020/02/10,2019/04/21,,,read,,,,1,0
8578390,Enterrem meu Coração na Curva do Rio,Dee Brown,"Brown, Dee","Geraldo Galvão Ferraz, Lola Xavier","=""8525412937""","=""9788525412935""",3.0,L&PM Editores,Paperback,390,2006,1970,2020/02/24,2019/11/24,,,read,,,,1,0
49674723,Escravidão: Do primeiro leilão de cativos em Portugal até a morte de Zumbi dos Palmares,Laurentino Gomes,"Gomes, Laurentino",,"=""6580634014""","=""9786580634019""",5.0,Globo Livros,Paperback,504,2019,2019,2020/04/05,2020/03/28,,,read,,,,1,0
46225105,Night Shift,Stephen  King,"King, Stephen",,"=""0307743640""","=""9780307743640""",4.0,Anchor Books,Mass Market Paperback,505,2011,1978,2020/03/28,2020/02/24,,,read,,,,1,0
50822541,Value Proposition Design: Como Construir Propostas de Valor Inovadoras,Alexander Osterwalder,"Osterwalder, Alexander",,"=""8550807257""","=""9788550807256""",4.0,Editora Alta Books,Paperback,0,2019,2013,2019/11/24,2019/11/07,,,read,,,,1,0
10082170,"Digital Photography Essentials: A Practical and Inspiring Guide That Will Take You from Beginner to Confident, C",Tom Ang,"Ang, Tom",,"=""0756682142""","=""9780756682149""",3.0,DK,Hardcover,360,2011,2011,2019/11/24,2019/07/01,,,read,,,,1,0
35714295,A história da ciência para quem tem pressa: De Galileu a Stephen Hawking em 200 páginas! (Série Para quem Tem Pressa) (Portuguese Edition),Nicola Chalton,"Chalton, Nicola",Meredith MacArdle,"=""855889048X""","=""9788558890489""",4.0,Editora Valentina,Kindle Edition,202,2017,,2019/11/07,2019/10/17,,,read,,,,2,0
17912916,Data Science for Business: What You Need to Know about Data Mining and Data-Analytic Thinking,Foster Provost,"Provost, Foster",Tom Fawcett,"=""1449361323""","=""9781449361327""",3.0,O'Reilly Media,Paperback,413,2013,2013,2019/10/18,2019/09/26,,,read,,,,1,0
21545330,Contágio: Por que as coisas pegam,Jonah Berger,"Berger, Jonah",Lúcia Brito,"=""8580449944""","=""9788580449945""",4.0,LeYa Brasil,Paperback,224,2014,2013,2019/10/16,2019/03/15,,,read,,,,1,0
26183482,The Top 85 Mistakes Brazilians Make In English,Andrew Creelman,"Creelman, Andrew",,"=""""","=""""",3.0,,Kindle Edition,101,2015,2015,2019/09/28,2019/09/09,,,read,,,,1,0
2858683,Memorial do convento,José Saramago,"Saramago, José",,"=""852860022X""","=""9788528600223""",3.0,Bertrand Brasil,Paperback,353,1996,1982,2019/09/25,2018/01/14,,,read,,,,1,0
34200382,Mindset: A Nova Psicologia do Sucesso,Carol S. Dweck,"Dweck, Carol S.",,"=""8547000240""","=""9788547000240""",4.0,Objetiva,Paperback,312,2017,2006,2019/08/25,2018/12/07,,,read,,,,1,0
43697251,Histórias de Sherlock Holmes,Arthur Conan Doyle,"Doyle, Arthur Conan",,"=""9722534076""","=""9789722534079""",4.0,11 X 17,Paperback,320,2018,,2019/08/09,2019/07/26,,,read,,,,1,0
44579714,A Volta De Sherlock Holmes,Arthur Conan Doyle,"Doyle, Arthur Conan",,"=""8506066786""","=""9788506066782""",4.0,Melhoramentos,Paperback,,1899,1904,2019/04/26,2019/04/26,,,read,,,,1,0
6726816,O Signo dos Quatro,Arthur Conan Doyle,"Doyle, Arthur Conan",,"=""9895545665""","=""9789895545667""",4.0,Global Notícias,Mass Market Paperback,119,2009,1890,2019/02/15,2019/04/21,,,read,,,,1,0
42794411,Um estudo em vermelho (Sherlock Holmes Livro 1) (Portuguese Edition),Arthur Conan Doyle,"Doyle, Arthur Conan","NW Studio, Antonio Carlos Vilela","=""8506071224""","=""9788506071229""",4.0,Editora Melhoramentos,Kindle Edition,132,2018,1887,2019/02/11,2019/04/21,,,read,,,,1,0
6976799,Os Últimos Casos de Sherlock Holmes,Arthur Conan Doyle,"Doyle, Arthur Conan",,"=""9721027863""","=""9789721027862""",4.0,Publicações Europa-América,Paperback,193,1988,1927,2019/08/06,2019/07/26,,,read,,,,1,0
29093923,"O vale do medo (Sherlock Holmes, #7)",Arthur Conan Doyle,"Doyle, Arthur Conan",Maria Luiza X. de A. Borges,"=""8537815047""","=""9788537815045""",3.0,Clássicos Zahar,Kindle Edition,252,2015,1914,2019/08/02,2019/07/26,,,read,,,,1,0
8086552,Kanban: Successful Evolutionary Change for Your Technology Business,David J. Anderson,"Anderson, David J.",,"=""0984521402""","=""9780984521401""",3.0,Blue Hole Press,Paperback,262,2010,2010,2019/07/26,2019/07/19,,,read,,,,1,0
36602045,"The Flash Book: How to fall hopelessly in love with your flash, and finally start taking the type of images you bought it for in the first place (The Photography Book Book 6)",Scott Kelby,"Kelby, Scott",,"=""""","=""""",3.0,Rocky Nook,Kindle Edition,211,2017,,2019/07/22,2019/07/09,,,read,,,,1,0
60843,From a Buick 8,Stephen  King,"King, Stephen",,"=""0743417682""","=""9780743417686""",2.0,Pocket Books,Paperback,487,2003,2002,2019/07/17,2018/10/09,,,read,,,,1,0
22512931,Building Microservices: Designing Fine-Grained Systems,Sam Newman,"Newman, Sam",,"=""1491950358""","=""9781491950357""",3.0,O'Reilly Media,Paperback,473,2015,2014,2019/07/05,2019/06/17,,,read,,,,1,0
43521032,O Cão dos Baskerville,Arthur Conan Doyle,"Doyle, Arthur Conan",,"=""""","=""""",4.0,,Kindle Edition,149,2011,1902,2019/05/24,2019/04/26,,,read,,,,1,0
34621011,Migrating to Microservice Databases,Edson Yanaga,"Yanaga, Edson",,"=""1491974613""","=""9781491974612""",3.0,O'reilly,ebook,72,2017,,2019/06/17,2019/06/16,,,read,,,,1,0
36250841,Transformação digital: Repensando o seu negócio para a era digital,David L. Rogers,"Rogers, David L.",Afonso Celso Cunha da Serra,"=""8551302736""","=""9788551302736""",4.0,Autêntica Business,Kindle Edition,440,2017,2016,2019/06/16,2019/06/03,,,read,,,,1,0
22047048,Pet Sematary,Stephen  King,"King, Stephen",,"=""""","=""""",3.0,Scribner,ebook,561,2014,1983,2019/01/05,2018/11/25,,,read,,,,1,0
34069833,The Whistler: A Novel,John Grisham,"Grisham, John",,"=""""","=""""",3.0,Vintage,Mass Market Paperback,424,2017,2016,2019/03/06,2018/10/09,,,read,,,,1,0
503534,Way of the Turtle: The Secret Methods That Turned Ordinary People Into Legendary Traders,Curtis Faith,"Faith, Curtis",,"=""007148664X""","=""9780071486644""",2.0,McGraw-Hill,Hardcover,288,2007,2007,2019/03/15,2019/02/24,,,read,,,,1,0
22854378,"Adeus, Aposentadoria: Como Garantir Seu Futuro Sem Depender dos Outros",Gustavo Cerbasi,"Cerbasi, Gustavo",,"=""8543100976""","=""9788543100975""",2.0,Sextante,Paperback,160,2014,2014,2019/03/27,2019/03/26,,,read,,,,1,0
9917996,'Salem's Lot,Stephen  King,"King, Stephen",,"=""""","=""""",3.0,Anchor,Mass Market Paperback,653,2011,1975,2019/03/26,2019/03/18,,,read,,,,1,0
43362462,Um mundo que mudou,Danielle Steel,"Steel, Danielle",,"=""""","=""""",3.0,Record,Paperback,349,1998,1983,2019/03/18,2019/03/15,,,read,,,,1,0
30191598,O lado difícil das situações difíceis: Como construir um negócio quando não existem respostas prontas (Portuguese Edition),Ben Horowitz,"Horowitz, Ben",Marcelo Brandão Cipolla,"=""8546900000""","=""9788546900008""",3.0,WMF Martins Fontes,Kindle Edition,368,2015,2014,2019/03/03,2018/10/17,,,read,,,,1,0
713273,Os Segredos Da Mente Milionária,T Harv Eker,"Eker, T Harv",,"=""8575422391""","=""9788575422397""",2.0,Sextante,Paperback,176,2006,,2019/02/23,2019/02/19,,,read,,,,1,0
23352551,Lean Change Management: Innovative Practices for Managing Organizational Changes,Jason Little,"Little, Jason",,"=""0990466507""","=""9780990466505""",2.0,Happy Melly Express,Paperback,180,2014,2013,2019/02/07,2019/02/06,,,read,,,,1,0
35289523,Mauricio: A História que não Está no Gibi,Mauricio de Sousa,"Sousa, Mauricio de",,"=""8568377149""","=""9788568377147""",4.0,Sextante,Paperback,336,2017,,2019/02/07,2019/02/03,,,read,,,,1,0
58828,"Big Stone Gap (Big Stone Gap, #1)",adriana-trigiani,"adriana-trigiani, adriana-trigiani",,"=""0743440129""","=""9780743440127""",3.0,Pocket Books,Paperback,400,2002,2000,2019/02/03,2018/10/09,,,read,,,,1,0
17569857,A Segunda Vitória,Morris L. West,"West, Morris L.",Fernando de Castro Ferro,"=""""","=""""",3.0,Círculo do Livro ,Hardcover,271,1981,1958,2019/01/26,2018/01/14,,,read,,,,1,0
31344317,"Por Que Fazemos O Que Fazemos?: Aflições Vitais Sobre Trabalho, Carreira e Realização",Mario Sergio Cortella,"Cortella, Mario Sergio",,"=""8542207416""","=""9788542207415""",4.0,Planeta,Paperback,174,2018,2016,2019/01/21,2019/01/12,,,read,,,,1,0
41714475,21 Lições Para o Século 21,Yuval Noah Harari,"Harari, Yuval Noah",,"=""""","=""""",3.0,Companhia das Letras,Kindle Edition,357,2018,2018,2019/01/15,2018/12/04,,,read,,,,1,0
40612207,Aprenda a investir em ações e a operar na bolsa via internet,Carlos A H Brum,"Brum, Carlos A H",,"=""""","=""""",2.0,Editora Ciência Moderna,Paperback,185,2010,,2019/01/06,2018/12/25,,,read,,,,1,0
38115075,PMO Ágil: Escritório Ágil de Gerenciamento de Projetos (Portuguese Edition),Fabio Cruz,"Cruz, Fabio",,"=""8574527912""","=""9788574527918""",3.0,BRASPORT,Kindle Edition,639,2016,,2018/12/30,2018/12/07,,,read,,,,1,0
32171868,Caleidoscópio,Danielle Steel,"Steel, Danielle",,"=""8501034452""","=""9788501034458""",4.0,Record,Paperback,334,1987,1987,2018/12/26,2018/05/21,,,read,,,,1,0
191412,A History of the Twentieth Century: The Concise Edition of the Acclaimed World History – A Vivid Year-by-Year Record of Wars and Technology from Aviation to Computers,Martin  Gilbert,"Gilbert, Martin",,"=""006050594X""","=""9780060505943""",3.0,William Morrow Paperbacks,Paperback,832,2002,1989,2018/12/24,2018/03/06,,,read,"Vamos começar com um erro absurdo que o livro comete: ele afirma que o ano de 1999 foi o último do século XX, sendo que na verdade foi o ano 2000. <br/><br/>O livro deveria se chamar A história GEOPOLÍTICA do século XX, pois 99% do livro só trata desse tema.<br/><br/>Passou muito pouco pelos avanços da tecnologia, grandes invenções, esportes (Copa do Mundo não é mencionada), grandes nomes, tráfico de drogas, dentre outras coisas. <br/><br/>Livro cansativo, longo e ao mesmo tempo superficial. <br/><br/>",true,,1,0
18517990,Um Pedido às Estrelas,Priscille Sibley,"Sibley, Priscille",Sulamita Pen,"=""8582400586""","=""9788582400586""",3.0,Benvirá,Paperback,320,2013,2013,2018/11/24,2018/08/12,,,read,,,,1,0
37941030,"Armas, Germes e Aço: Os Destinos das Sociedades Humanas",Jared Diamond,"Diamond, Jared",,"=""8501110019""","=""9788501110015""",3.0,Editora Record,Paperback,476,2017,1997,2018/11/20,2018/11/14,,,read,"O tema do livro é extremamente interessante e no começo o autor conduz de uma forma muito boa. Achei bem legal a ideia de formular as perguntar e depois desenvolver bem a resposta. O problema é que do meio em diante tive a impressão que ele se repete com as explicações, sempre mencionando as mesmas coisas e acaba caindo em muitos detalhes, o que torna a leitura cansativa e acabamos dispensando.<br/><br/>Mas mesmo assim creio que não deva impedir ninguém de ler o livro, pois realmente o tema é muito bom.",,,1,0
38663285,Estrada Aberta,Sávio Brayner,"Brayner, Sávio",,"=""9895174500""","=""9789895174508""",3.0,Chiado Editora,Paperback,402,2016,,2018/11/14,2018/10/09,,,read,,,,1,0
11017574,The Runaway Jury,John Grisham,"Grisham, John",,"=""""","=""""",4.0,Vintage,Mass Market Paperback,550,2012,1996,2018/11/11,2017/10/31,,,read,,,,1,0
10160130,Carrie,Stephen  King,"King, Stephen",,"=""0307743667""","=""9780307743664""",4.0,Vintage,Mass Market Paperback,290,2011,1974,2018/10/30,2018/10/09,,,read,,,,1,0
11705132,Contato,Carl Sagan,"Sagan, Carl",Donaldson M. Garschagen,"=""8535913513""","=""9788535913514""",4.0,Companhia de Bolso,Paperback,440,2008,1985,2018/10/23,2018/10/09,,,read,,,,1,0
23295849,DevOps for Dummies,Sanjeev Sharma,"Sharma, Sanjeev",,"=""111873470X""","=""9781118734704""",3.0,John Wiley & Sons,Paperback,40,2014,2014,2018/10/14,2018/10/08,,,read,,,,1,0
16144853,Leaders Eat Last: Why Some Teams Pull Together and Others Don't,Simon Sinek,"Sinek, Simon",,"=""1591845327""","=""9781591845324""",4.0,Portfolio,Hardcover,350,2014,2014,2018/10/13,2018/04/10,,,read,,,,1,0
15736270,Questões do coração,Emily Giffin,"Giffin, Emily",,"=""8563219316""","=""9788563219312""",3.0,Novo Conceito,Paperback,438,2011,2010,2018/10/04,2018/08/12,,,read,,,,1,0
34830449,O Enigma do Tempo: A revolução iniciada por Einstein,Paul C.W. Davies,"Davies, Paul C.W.",,"=""8500330503""","=""""",3.0,Ediouro,Paperback,411,1999,1995,2018/09/28,2017/12/15,,,read,,,,1,0
20360659,Ansiedade - Como Enfrentar o Mal do Século,Augusto Cury,"Cury, Augusto",,"=""8502218484""","=""9788502218482""",3.0,Saraiva,Paperback,160,2013,2013,2018/09/18,2018/09/16,,,read,,,,1,0
16149396,Um Homem de Sorte,Nicholas Sparks,"Sparks, Nicholas",,"=""""","=""""",3.0,Editora Novo Conceito,Paperback,349,2011,2008,2018/09/16,2018/08/12,,,read,,,,1,0
11096656,A Painted House,John Grisham,"Grisham, John",,"=""034553204X""","=""9780345532046""",4.0,Vintage,Mass Market Paperback,465,2012,2001,2018/09/09,2017/10/29,,,read,,,,1,0
17285545,Noites de Tormenta,Nicholas Sparks,"Sparks, Nicholas",,"=""8599560514""","=""9788599560518""",3.0,Novo Conceito,Paperback,173,2008,2002,2018/08/16,2018/08/12,,,read,"Particularmente não sou muito fã dessas histórias mais ""açucaradas"", mas gostei do livro. <br/><br/>Leitura leve e rápida. História bonita e atual. O livro tenta deixar uma mensagem bonita e alto astral ao final, mas mesmo assim é uma história triste.<br/><br/>O final é bem previsível, mas não tira méritos do livro por conta disso.",,,1,0
15757314,A Última Esperança,Frank G. Slaughter,"Slaughter, Frank G.",Áurea Weissenberg,"=""""","=""""",3.0,Abril Cultural (Best Sellers),Mass Market Paperback,330,1985,1958,2018/08/14,2018/01/14,,,read,"O livro me prendeu a atenção. Gostei da história. É um pouco estranho hoje lermos algo sobre lobotomia, mas eu sempre tinha que me atentar que o livro foi escrito em 58 e naquela ocasião fazia todo o sentido esse tópico.<br/><br/>Achei meio forçado a recuperação dos pacientes, muito rápido o mágico. Mas como não sou médico e estamos falando de uma obra de ficção, ok, é valido.<br/><br/>",,,1,0
13063920,O Leopardo,Giuseppe Tomasi di Lampedusa,"Lampedusa, Giuseppe Tomasi di",Rui Cabeçadas,"=""""","=""""",3.0,Nova Cultural,Hardcover,320,2002,1958,2018/08/04,2018/07/30,,,read,"Gostei e não gostei. Fiquei com a impressão de que o livro não se decide exatamente sobre qual história que contar. Me parece que não existe um personagem principal. Inicialmente pensei que seria o chefe da família, mas depois já me parecia que era o sobrinho dele.<br/><br/>Senti falta de um clímax também ou um desfecho mais impactante.<br/><br/>Tem uma parte que conta uma viagem do padre, mas é uma história perdida no meio do livro, não se liga a nada. <br/><br/>De qualquer forma, não é um livro ruim",,,1,0
18751015,O Morro dos Ventos Uivantes,Emily Brontë,"Brontë, Emily",Silvana Laplace,"=""8513011231""","=""9788513011232""",4.0,Nova Cultural,Hardcover,286,2003,1847,2017/08/04,2017/07/29,,,read,,,,1,0
18050882,Lolita,Vladimir Nabokov,"Nabokov, Vladimir",Jorio Dauster,"=""""","=""""",3.0,O Globo,Hardcover,319,2003,1955,2018/07/30,2018/05/21,,,read,"Cansativo. Achei muito longo, muita divagação, escapadas da linha central da história e detalhes inúteis. <br/><br/>Apesar de ser um tema chocante (se hoje é, imagine na época em que foi escrito) o autor tomou cuidado para ser escatológico, ainda bem. <br/><br/>Dei 3 estrelas, pois apesar de tudo,  a histórica não é ruim. ",,,1,0
13541895,Para Minhas Filhas,Barbara Delinsky,"Delinsky, Barbara",,"=""8528605701""","=""9788528605709""",3.0,Bertrand Brasil,Hardcover,415,2001,1995,2018/07/24,2018/05/21,,,read,"Livro mais voltado para o público feminino. Acabei lendo pois estava aqui em casa e precisava de uma história mais leve depois de ter lido um livro sobre Aucshwitz.<br/><br/>Não é um livro ruim, mas tem um final bem previsível, ou seja, sem grandes reviravoltas.  ",,,1,0
18915109,Auschwitz,Laurence Rees,"Rees, Laurence",,"=""""","=""""",4.0,BBC Digital,Kindle Edition,418,2012,2005,2018/07/20,2018/06/07,,,read,"Muitas pessoas acreditam que o Holocausto não ocorreu. É até possível entender, pois foi algo tão surreal que as vezes parece inacreditável que efetivamente aconteceu. Com esse livro podemos ter uma ideia de como foi. <br/><br/>O autor conta a história do campo de concentração desde a concepção até o fechamento. Navega um pouco pelos outros campos nazistas e também pela própria guerra, mas ao mesmo tempo descreve relatos de sobreviventes: prisioneiros e soldados. <br/><br/>Senti um pouco de falta de mais relatos e um pouco mais de aprofundamento nos experimentos do Dr. Mengele, mas mesmo assim não desabona o livro.<br/><br/>Não é um livro fácil de se ler, pois tudo é muito cruel e difícil de assimilar. ",,,1,0
31452899,O adversário secreto,Agatha Christie,"Christie, Agatha",,"=""852505772X""","=""9788525057723""",4.0,Globo Livros,Kindle Edition,320,2014,1922,2018/07/02,2018/05/27,,,read,"Já li quase 50 livros da Agatha Christie, pelo menos ha 30 anos e somente agora descobri que ela tinha histórias com uma dupla de aventureiros. Gostei bastante do livro, achei dinâmico, rápido, divertido e muito inteligente. <br/><br/>O ritmo me lembrou os livros de Dan Brown, ou melhor, ele se inspirou nos livros da escritora inglesa...rs<br/><br/>",,,1,0
10589,Bag of Bones,Stephen  King,"King, Stephen",,"=""067102423X""","=""9780671024239""",3.0,Simon & Schuster Inc,Paperback,736,1999,1998,2018/06/29,2018/04/15,,,read,"Sou fã dos livros de Stephen King, ele tem uma capacidade incrível de criar os personagens e prender nossa atenção mesmo que na maioria das vezes quase nada está acontecendo. Mas dessa vez acho que errou um pouco a mão.<br/><br/>O livro não é ruim. A história é boa, mas é muito longo. Acho que com metade das páginas dava para ter contado tudo, sem perder nada. Os capítulos dos sonhos foram bem cansativos.<br/><br/>",,,1,0
36286556,Stephen King - Coração Assombrado - A Biografia,Lisa Rogak,"Rogak, Lisa",,"=""8594540396""","=""9788594540393""",5.0,DarkSide Books,Hardcover,320,2017,2009,2018/06/14,2017/12/23,,,read,"Sempre gostei dos filmes baseados nos livros de Stephen King e ultimamente estou dando bastante atenção a seus livros. <br/><br/>Ele realmente é um cara fora da curva. Consegue imaginar histórias incríveis a partir de acontecimentos banais de seu próprio cotidiano. Em alguns de seus livros praticamente não acontece nada, mas prende a atenção do início ao fim.<br/><br/>O trabalho da Lisa Rogak nessa biografia foi bem legal, pois podemos conhecer um pouco da mente do Stephen e também entender de onde vem as ideias para os livros. <br/><br/>Achei o último capítulo um pouco fora do padrão geral do livro. Acho que foi feito meio às pressas, mas isso não tira a qualidade da obra.",,,1,0
6336093,A Cidade do Sol,Khaled Hosseini,"Hosseini, Khaled",Maria Helena Rouanet,"=""8520920101""","=""9788520920107""",4.0,Nova Fronteira,Paperback,368,2007,2007,2018/06/10,2017/10/31,,,read,"É muito interessante a forma como o ator constrói uma história de duas mulheres ligadas e impactadas pelos acontecimentos das últimas décadas no Afeganistão.<br/><br/>Inicialmente parecia que a história giraria em torno da Miriam e que ela seria a principal personagem, mas não, no meio do livro que nos damos conta que a vida para ela já não teria mais volta e o papel dela seria somente ajudar a outra personagem, Laila.<br/><br/>O autor criou duas personagens fortes e de muito caráter. O livro é triste e angustiante, mas ao final, assim como Laila, nós leitores somos poupados de tanto sofrimento e finalmente podemos respirar.",true,,1,0
23678274,Tocando o Vazio - A história real da miraculosa sobrevivência de um homem,Joe Simpson,"Simpson, Joe",,"=""8535905533""","=""9788535905533""",4.0,Companhia das Letras,Paperback,228,2004,1988,2018/06/08,2018/05/21,,,read,"Para mim o livro se divide em três partes:<br/><br/>Na primeira, uma enxurrada de termos técnicos de montanhismo, o que o torna um pouco cansativo.<br/><br/>Na segunda parte, começa toda a ambientação para o acidente e os momentos angustiantes quando os alpinistas se separam.<br/><br/>A terceira parte é eletrizante e fez com que eu mudasse minha nota de 3 estrelas para 4. Sabemos o final, mas a narrativa nos deixa apreensivos e me peguei torcendo para ele ser logo encontrado, como se houvesse uma chance de não dar certo.<br/><br/>Realmente é uma história incrível de luta e sobrevivência.",true,,1,0
18172387,Guia Politicamente Incorreto da História do Mundo,Leandro Narloch,"Narloch, Leandro",,"=""8580448409""","=""9788580448405""",3.0,LeYa Brasil,Paperback,352,2013,2013,2018/06/02,2018/05/27,,,read,"É difícil dizer o quão correta é essa linha de raciocínio do autor. As evidências são mostradas de uma forma que até convencem, mas temos sempre que tomar cuidado, pois no papel tudo fica bonito.<br/><br/>De qualquer forma, ele propõe versões diferentes para partes da história teoricamente já consolidadas, o que é algo bom, pois é rico termos sempre mais de um ponto de vista.<br/><br/>Se tudo é verdade ou não eu não sei, mas que foi uma leitura divertida, isso foi.",,,1,0
7194181,"O Misterioso Caso de Styles (Hercule Poirot, #1)",Agatha Christie,"Christie, Agatha","Carlos Afonso Lobo, Carolina Vasconcelos","=""9724130495""","=""9789724130491""",4.0,Edições ASA ,Paperback,192,2002,1920,2018/06/03,2018/05/27,,,read,"Realmente lançar uma carreira como escritora com um livro dessa qualidade é raro. Após ler mais de 40 livros da Agatha Christie, acabei lendo o primeiro dela somente agora, 30 anos depois de ter tido contato com os livros dela. É uma história, como sempre, bem amarrada e que deixa as explicações e ligações somente para o final.<br/><br/>Achei uma certa semelhança com Os cinco porquinhos.",,,1,0
6709963,O Processo,Franz Kafka,"Kafka, Franz","João  Costa, Delfim de Brito","=""9896600090""","=""9789896600099""",1.0,Leya,Mass Market Paperback,266,2009,1925,2018/05/31,2018/05/27,,,read,"Só tenho uma coisa a dizer: livro muito, mas muito chato. Foi um tormento a sua leitura.",,,1,0
37853613,1348 - A Peste Negra (Portuguese Edition),José Martino,"Martino, José",,"=""""","=""""",4.0,,Kindle Edition,109,2017,,2018/05/27,2018/05/21,,,read,"Este livro me surpreendeu. Não esperava muito dele, mas achei bem escrito, rico em detalhes, informativo e principalmente, interessante.<br/><br/>Parabéns ao autor.",,,1,0
20717571,Joyland,Stephen  King,"King, Stephen",,"=""""","=""""",4.0,Titan Books,Kindle Edition,224,2013,2013,2018/05/26,2018/05/19,,,read,"É impressionante como King consegue prender nossa atenção em um livro que praticamente não tem ação alguma. Isso se deve a forma como ele escreve, personagens bem construídos e ambientação lenta mas gradual para o grande final.<br/><br/>Ele tira o melhor de uma história simples.",,,1,0
18219400,Governança de TI: Como as empresas com melhor desempenho administram os direitos decisórios de TI na busca por resultados superiores,Peter Weill,"Weill, Peter",Jeanne W. Ross,"=""8589384780""","=""9788589384780""",2.0,Makron Books,Paperback,290,2005,2004,2018/05/19,2018/04/10,,,read,"Infelizmente não gostei. Livro maçante, repetitivo, sem dinamismo e chato. Os estudos de casos são as melhores partes. Esperava algo completamente diferente",,,1,0
24978376,Como era Verde o Meu Vale,Richard Llewellyn,"Llewellyn, Richard",,"=""""","=""""",5.0,Círculo do Livro,Hardcover,,1984,1939,2018/05/13,2017/12/28,,,read,"Que livro bom, incrível. Historia simples, contada do ponto de vista de um menino de família mineira. Os detalhes do lugar, as receitas das comidas, suas angústias, alegrias e tristezas. São contadas de uma forma que é como se estivéssemos ali, ao lado dele.<br/><br/>No geral o livro sempre passa uma mensagem de alegria, mas ao final me pareceu melancólico e triste, mas nada que diminua sua qualidade, muito pelo contrário, pois a ideia, conforme o próprio titulo sugere, era mostrar as lembranças boas do passado e que hoje tudo é diferente e deixou de ser verde, como o vale.",true,,1,0
36330367,"Sobre a morte e o morrer: O que os doentes terminais têm para ensinar a médicos, enfermeiras, relogiosos e aos seus próprios parentes (Portuguese Edition)",Elisabeth Kübler-Ross,"Kübler-Ross, Elisabeth",,"=""854690121X""","=""9788546901210""",4.0,WMF Martins Fontes,Kindle Edition,340,2017,1969,2018/05/03,2018/01/23,,,read,"Gostei bastante do tema e do livro. As entrevistas reais transcritas são muito humanas e por vezes tocantes.<br/><br/>A autora fez um grande trabalho. Percebi que as entrevistas foram feitas na década de 60. Fiquei curioso para saber como seriam se fossem feitas agora, quase 60 anos depois.",,,1,0
24806485,"Os cinco porquinhos (Hercule Poirot, #25)",Agatha Christie,"Christie, Agatha",,"=""8525057649""","=""9788525057648""",4.0,Globo Livros,Kindle Edition,253,2014,1942,2018/04/29,2018/04/27,,,read,"Por um momento achei que tinha descoberto o assassino, mas errei, como sempre... rs<br/><br/>Segue o padrão dos livros da famosa escritora. Não é dos melhores, mas sem dúvida muito bom, como “quase” todos.",,,1,0
31208652,"End of Watch (Bill Hodges Trilogy, #3)",Stephen  King,"King, Stephen",,"=""1501134132""","=""9781501134135""",3.0,Pocket Books,Mass Market Paperback,482,2017,2016,2018/04/27,2018/02/15,,,read,"Da trilogia, foi o que eu menos gostei, mas é um bom livro. Achei que os outros dois foram mais eletrizantes, principalmente no final. A história fechou sem deixar brechas ou duvidas, o que é bom.<br/><br/>Essa ultima parte foge do tom dos outros livros, pois aqui entra um pouco a parte sobrenatural que King tanto gosta.<br/><br/>Terminando a trilogia, me pareceu que o segundo livro, mesmo sendo muito bom, não faria falta alguma, mas não também não prejudica o conjunto.",true,,1,0
35919149,Astrofísica Para Apressados,Neil deGrasse Tyson,"Tyson, Neil deGrasse",,"=""8542210999""","=""9788542210996""",4.0,Planeta,Hardcover,192,2017,2017,2018/04/17,2018/04/15,,,read,"Os primeiros capítulos são bem difíceis de entender e acompanhar, mas depois vai ficando mais simples. o Neil deGrasse é muito bom, ele sempre se esforça para explicar esses temas complexos da forma mais simples possível. E olhe que as vezes o ""mais simples possível"" já é complexo.<br/><br/>O livro é curto, poderia até se aprofundar mais. Mas como o título diz: é para apressados.<br/><br/>Gostei bastante.",,,1,0
36516509,A sutil arte de ligar o f*da-se: Uma estratégia inusitada para uma vida melhor,Mark Manson,"Manson, Mark",,"=""855100249X""","=""""",3.0,Intrínseca,Kindle Edition,190,2017,2016,2018/04/15,2018/04/14,,,read,"Me parece que o livro começa de uma forma e depois muda após o terceiro capítulo. Mudou para um tom mais sério e assumiu efetivamente a categoria de um livro de autoajuda, o que não é muito meu tipo de leitura.<br/><br/>De qualquer forma, apresenta uns conceitos e pontos de vistas interessantes. Mas o que mais gostei foram as histórias pessoais do autor e de outras pessoas ( famosas ou não) para ilustrar suas ideias.",,,1,0
11166891,"77 Shadow Street (Pendleton, #1)",Dean Koontz,"Koontz, Dean",,"=""""","=""""",2.0,Bantam ,Hardcover,451,2011,2011,2018/01/12,2017/12/28,,,read,"Não gostei. Cheio de clichês, confuso, cansativo e com um final que não explica tudo que deveria. ",,,1,0
25814278,"Finders Keepers (Bill Hodges Trilogy, #2)",Stephen  King,"King, Stephen",,"=""""","=""""",4.0,Pocket Books,Paperback,528,2016,2015,2018/04/14,2018/02/15,,,read,"Assim como no primeiro da trilogia, a terceira parte do livro é tensa. Devorei.<br/>A história é bem legal e é incrível como King desenvolve os personagens. Ele escreve de um jeito que é quase perfeita as cenas que visualizamos, como se fosse um filme.<br/><br/>Ansioso para a conclusão da trilogia.",,,1,0
18068311,"Holocausto brasileiro: Vida, genocídio e 60 mil mortes no maior hospício do Brasil",Daniela Arbex,"Arbex, Daniela",Eliane Brum,"=""8581301576""","=""9788581301570""",4.0,Geração Editorial,Paperback,256,2013,2013,2018/04/14,2018/03/06,,,read,"Recentemente terminei um livro sobre a segunda guerra mundial e as similaridades entre o holocausto da guerrra e esse do livro da Arbex, realmente são grandes. Lugares fechados; pessoas em condições subumanas tentando sobreviver; aniquilação em massa; pesquisas que passam muito a fronteira do aceitável e a prática de trabalhos forçados.<br/><br/>Apesar de ser um livro bem “pesado”, achei que as histórias escolhidas pela autora tem desfechos esperançosos, às vezes até felizes e com certeza, todos emocionantes.",,,1,0
17975278,Sycamore Row,John Grisham,"Grisham, John",,"=""""","=""""",4.0,Doubleday,ebook,466,2013,2013,2018/03/30,2017/12/28,,,read,"Apesar de ser uma continuação do A Time to Kill, não é tão bom como o anterior. Legal ver os mesmos personagens de volta e mais uma história de tribunal. A história prende e o tema principal é interessante.  Achei que podia ser um livro mais curto.<br/><br/>De qualquer forma, mesmo a trama girar novamente, mesmo que de forma parcial, em torno do racismo, é um bom livro.",,,1,0
22596057,A Segunda Guerra Mundial,Martin  Gilbert,"Gilbert, Martin",,"=""8577344673""","=""9788577344673""",4.0,Casa da Palavra,Paperback,976,2014,1989,2018/03/23,2017/08/18,,,read,"O autor fez um trabalho árduo de pesquisa, pois em mais de 900 páginas, relata os detalhes da guerra em ordem cronológica, citando nomes de pessoas, navios, cidades e operações de guerra.<br/><br/>Esse trabalho detalhado, que faz com que seja um livro histórico muito bom, para mim também é o seu defeito, pois por vezes acaba sendo cansativo. <br/><br/>Senti falta no começo de explicar mais em detalhes os motivos que iniciaram a guerra, o livro já começa logo no primeiro dia em setembro de 1939.<br/><br/>Logicamente que esses meus pequenos apontamentos não tiram a importância ou ferem a qualidade do livro. Aprendi muito, me surpreendi com algumas histórias e com certeza, depois de 37 dias, encerro minha leitura com mais conhecimento e ao mesmo tempo um pouco triste com a capacidade humana de destruir.",,,1,0
17900840,A Startup Enxuta: como os empreendedores atuais utilizam a inovação contínua para criar empresas extremamente bem-sucedidas,Eric Ries,"Ries, Eric","Carlos Szlak, Ricardo Sazima","=""8581780040""","=""9788581780047""",3.0,LeYa,Paperback,288,2012,2011,2018/04/08,2018/03/15,,,read,"O tema é interessante, alguns conceitos e ideias muito boas, mas achei meio cansativo e repetitivo.",,,1,0
34752268,Mr. Mercedes,Stephen  King,"King, Stephen",,"=""1501180762""","=""9781501180767""",4.0,Pocket Books,Mass Market Paperback,527,2017,2014,2018/04/05,2018/02/15,,,read,"Como sempre King prende a atenção do início ao fim.  Apesar de o começo ser bem característico dele, me parece que a história segue mais um estilo policial, o que gostei bastante.<br/><br/>O final é tenso.",,,1,0
10618,Apt Pupil,Stephen  King,"King, Stephen",,"=""0751525677""","=""9780751525670""",4.0,Warner,Paperback,179,1983,1982,2018/02/18,2017/12/28,,,read,Li o livro em 2 dias e gostei bastante. Como sempre Stephen King consegue nos prender do começo ao fim. É interessante ver a evolução ( ou seria involução?) do personagem principal.,,,1,0
18211890,As Armas da Persuasão: Como Influenciar e Não Se Deixar Influenciar,Robert B. Cialdini,"Cialdini, Robert B.",,"=""""","=""""",4.0,Sextante,Kindle Edition,335,2012,1984,2018/02/16,2017/12/28,,,read,"Livro bem interessante. O autor pesquisou bastante, vide a extensa quantidade de nomes de outros autores que são mencionados.<br/><br/>Mostra conceitos de persuasão e os explica com diversos exemplos, o que torna o entendimento mais fácil.",,,1,0
25810098,Gray Mountain,John Grisham,"Grisham, John",,"=""1101964871""","=""9781101964873""",3.0,Vintage,Paperback,384,2015,2014,2018/02/04,2017/10/29,,,read,"Não é dos melhores, mas não é ruim. Leitura rápida, algumas historias interessantes mas creio que ao final ficamos com aquelas sensação que faltaram algumas respostas.",,,1,0
18015195,"Doctor Sleep (The Shining, #2)",Stephen  King,"King, Stephen",,"=""1451698860""","=""9781451698862""",4.0,Pocket Books,Mass Market Paperback,672,2016,2013,2017/11/03,2017/10/15,,,read,"Não é melhor que o original, mas é bom. Como todos os livros do King, prende a atenção.<br/><br/>A leitura e o inglês são mais fáceis que o original.",,,1,0
18519124,Os Irmãos Karamázov,Fyodor Dostoevsky,"Dostoevsky, Fyodor",Herculano Villas-Boas,"=""8572329412""","=""9788572329415""",4.0,Martin Claret,Hardcover,976,2013,1879,2017/12/16,2017/08/01,,,read,"Que livro difícil. No começo achei que não ia aguentar, mas depois fui pegando gosto e fiquei ansioso pelo final.<br/><br/>Dostoyvesk é ótimo, mas confesso que teve alguns capítulos que não entendi muita coisa.<br/><br/>Livro fislosófico.",,,1,0
28093104,E não sobrou nenhum (Portuguese Edition),Agatha Christie,"Christie, Agatha",,"=""8525057665""","=""9788525057662""",5.0,Globo Livros,Kindle Edition,323,2014,1939,2017/12/19,2017/11/26,,,read,Não vou chover no molhado: é o melhor da autora inglesa,,,1,0
864795,Johnny Angel,Danielle Steel,"Steel, Danielle",,"=""0385335490""","=""9780385335492""",3.0,Delacorte Press,Hardcover,192,2003,2003,2017/12/22,2017/10/31,,,read,"Li em 2 dias. Livro fácil, parece um filme da sessão da tarde. Bem agua com açúcar e final previsível. Não é ruim.",,,1,0
6567657,A Time to Kill,John Grisham,"Grisham, John",,"=""""","=""""",4.0,Dell,Mass Market Paperback,655,2009,1989,2017/12/29,2017/10/29,,,read,"Histórias de tribunal me fascinam e o Grisham escreve de uma forma muito fácil e fluida. Devoro os livros dele. Gostei bastante da trama, apesar de novamente ser um livro centrado no racismo.<br/><br/>",,,1,0
30053054,Como organizar sua vida financeira,Gustavo Cerbasi,"Cerbasi, Gustavo",,"=""8543102588""","=""9788543102580""",3.0,Sextante,Paperback,160,2015,2009,2018/01/13,2017/12/28,,,read,"Inicialmente achei que iria me frustrar, mas gostei do livro. Leitura rápida e simples. Sugiro ao autor uma nova versão mais aprofundada",,,1,0
35075596,A Mente Acima do Dinheiro,Brad Klontz,"Klontz, Brad",Ted Klontz,"=""""","=""""",2.0,,Unknown Binding,,,,2018/01/24,2017/12/28,,,read,"Infelizmente não gostei. Livro cansativo, repetitivo e mais parece uma propaganda dos serviços que os autores prestam. <br/>Tem alguns poucos momentos bons, mas no geral, pelo menos pra mim, agregou muito pouco.",,,1,0
5355,The Chamber,John Grisham,"Grisham, John",,"=""0385339666""","=""9780385339667""",4.0,Delta Trade Paperbacks,Paperback,632,2006,1994,2017/10/14,2017/09/28,,,read,,,,1,0
12977531,The Shining (The Shining #1),Stephen  King,"King, Stephen",,"=""""","=""""",4.0,Anchor,Mass Market Paperback,659,2012,1977,2017/09/02,2017/08/18,,,read,,,,1,0
30965703,Homo Deus: A Brief History of Tomorrow,Yuval Noah Harari,"Harari, Yuval Noah",,"=""1784703931""","=""9781784703936""",3.0,RANDOM HOUSE UK,Paperback,513,2017,2015,2017/08/21,2017/08/01,,,read,,,,1,0
25681499,Sapiens: Uma breve história da humanidade,Yuval Noah Harari,"Harari, Yuval Noah",Janaína Marcoantonio,"=""8525432180""","=""9788525432186""",4.0,L&PM Editores,Paperback,464,2015,2011,2017/07/27,2017/07/29,,,read,,,,1,0
